INSERT INTO user (id, email, enabled, first_name, is_admin, last_name, password, username) VALUES
(1, 'user1@yopmail.com', 1, 'André', 0, 'Richard', '$2a$10$95Jc7.XBQTNEII83mf2CqOFViZw1aFd.7S4L8KLJJAoqLcLSlNT2O', 'user1'),
(2, 'user2@yopmail.com', 1, 'Monique', 0, 'Fournier', '$2a$10$95Jc7.XBQTNEII83mf2CqOFViZw1aFd.7S4L8KLJJAoqLcLSlNT2O', 'user2'),
(3, 'user3@yopmail.com', 1, 'Julia', 0, 'Garcia', '$2a$10$95Jc7.XBQTNEII83mf2CqOFViZw1aFd.7S4L8KLJJAoqLcLSlNT2O', 'user3'),
(4, 'user4@yopmail.com', 1, 'Eva', 0, 'Vincent', '$2a$10$95Jc7.XBQTNEII83mf2CqOFViZw1aFd.7S4L8KLJJAoqLcLSlNT2O', 'user4'),
(5, 'user5@yopmail.com', 1, 'Catherine', 0, 'Petit', '$2a$10$95Jc7.XBQTNEII83mf2CqOFViZw1aFd.7S4L8KLJJAoqLcLSlNT2O', 'user5'),
(6, 'user6@yopmail.com', 1, 'Julia', 0, 'Dubois', '$2a$10$95Jc7.XBQTNEII83mf2CqOFViZw1aFd.7S4L8KLJJAoqLcLSlNT2O', 'user6'),
(7, 'user7@yopmail.com', 1, 'Catherine', 0, 'Leroy', '$2a$10$95Jc7.XBQTNEII83mf2CqOFViZw1aFd.7S4L8KLJJAoqLcLSlNT2O', 'user7'),
(8, 'user8@yopmail.com', 1, 'Pierre', 0, 'Richard', '$2a$10$95Jc7.XBQTNEII83mf2CqOFViZw1aFd.7S4L8KLJJAoqLcLSlNT2O', 'user8'),
(9, 'user9@yopmail.com', 1, 'Eva', 0, 'Thomas', '$2a$10$95Jc7.XBQTNEII83mf2CqOFViZw1aFd.7S4L8KLJJAoqLcLSlNT2O', 'user9'),
(10, 'user10@yopmail.com', 1, 'Marie', 0, 'Fournier', '$2a$10$95Jc7.XBQTNEII83mf2CqOFViZw1aFd.7S4L8KLJJAoqLcLSlNT2O', 'user10'),
(11, 'user11@yopmail.com', 1, 'Jean', 0, 'Bernard', '$2a$10$95Jc7.XBQTNEII83mf2CqOFViZw1aFd.7S4L8KLJJAoqLcLSlNT2O', 'user11'),
(12, 'user12@yopmail.com', 1, 'David', 0, 'Moreau', '$2a$10$95Jc7.XBQTNEII83mf2CqOFViZw1aFd.7S4L8KLJJAoqLcLSlNT2O', 'user12'),
(13, 'user13@yopmail.com', 1, 'Eva', 0, 'Richard', '$2a$10$95Jc7.XBQTNEII83mf2CqOFViZw1aFd.7S4L8KLJJAoqLcLSlNT2O', 'user13'),
(14, 'user14@yopmail.com', 1, 'Eva', 0, 'Richard', '$2a$10$95Jc7.XBQTNEII83mf2CqOFViZw1aFd.7S4L8KLJJAoqLcLSlNT2O', 'user14'),
(15, 'user15@yopmail.com', 1, 'Marie', 0, 'Dubois', '$2a$10$95Jc7.XBQTNEII83mf2CqOFViZw1aFd.7S4L8KLJJAoqLcLSlNT2O', 'user15'),
(16, 'user16@yopmail.com', 1, 'Jeanne', 0, 'Laurent', '$2a$10$95Jc7.XBQTNEII83mf2CqOFViZw1aFd.7S4L8KLJJAoqLcLSlNT2O', 'user16'),
(17, 'user17@yopmail.com', 1, 'Jean', 0, 'Michel', '$2a$10$95Jc7.XBQTNEII83mf2CqOFViZw1aFd.7S4L8KLJJAoqLcLSlNT2O', 'user17'),
(18, 'user18@yopmail.com', 1, 'David', 0, 'Dubois', '$2a$10$95Jc7.XBQTNEII83mf2CqOFViZw1aFd.7S4L8KLJJAoqLcLSlNT2O', 'user18'),
(19, 'user19@yopmail.com', 1, 'Philippe', 0, 'Michel', '$2a$10$95Jc7.XBQTNEII83mf2CqOFViZw1aFd.7S4L8KLJJAoqLcLSlNT2O', 'user19'),
(20, 'user20@yopmail.com', 1, 'André', 0, 'Bernard', '$2a$10$95Jc7.XBQTNEII83mf2CqOFViZw1aFd.7S4L8KLJJAoqLcLSlNT2O', 'user20'),
(21, 'user21@yopmail.com', 1, 'Pierre', 0, 'Moreau', '$2a$10$95Jc7.XBQTNEII83mf2CqOFViZw1aFd.7S4L8KLJJAoqLcLSlNT2O', 'user21'),
(22, 'user22@yopmail.com', 1, 'Catherine', 0, 'David', '$2a$10$95Jc7.XBQTNEII83mf2CqOFViZw1aFd.7S4L8KLJJAoqLcLSlNT2O', 'user22'),
(23, 'user23@yopmail.com', 1, 'Jean', 0, 'Petit', '$2a$10$95Jc7.XBQTNEII83mf2CqOFViZw1aFd.7S4L8KLJJAoqLcLSlNT2O', 'user23'),
(24, 'user24@yopmail.com', 1, 'Michel', 0, 'Petit', '$2a$10$95Jc7.XBQTNEII83mf2CqOFViZw1aFd.7S4L8KLJJAoqLcLSlNT2O', 'user24'),
(25, 'user25@yopmail.com', 1, 'Eva', 0, 'Roux', '$2a$10$95Jc7.XBQTNEII83mf2CqOFViZw1aFd.7S4L8KLJJAoqLcLSlNT2O', 'user25'),
(26, 'user26@yopmail.com', 1, 'Catherine', 0, 'Bertrand', '$2a$10$95Jc7.XBQTNEII83mf2CqOFViZw1aFd.7S4L8KLJJAoqLcLSlNT2O', 'user26'),
(27, 'user27@yopmail.com', 1, 'Michel', 0, 'Simon', '$2a$10$95Jc7.XBQTNEII83mf2CqOFViZw1aFd.7S4L8KLJJAoqLcLSlNT2O', 'user27'),
(28, 'user28@yopmail.com', 1, 'Alice', 0, 'Vincent', '$2a$10$95Jc7.XBQTNEII83mf2CqOFViZw1aFd.7S4L8KLJJAoqLcLSlNT2O', 'user28'),
(29, 'user29@yopmail.com', 1, 'Pierre', 0, 'Garcia', '$2a$10$95Jc7.XBQTNEII83mf2CqOFViZw1aFd.7S4L8KLJJAoqLcLSlNT2O', 'user29'),
(30, 'user30@yopmail.com', 1, 'Marie', 0, 'Bertrand', '$2a$10$95Jc7.XBQTNEII83mf2CqOFViZw1aFd.7S4L8KLJJAoqLcLSlNT2O', 'user30'),
(31, 'user31@yopmail.com', 1, 'Julia', 0, 'Roux', '$2a$10$95Jc7.XBQTNEII83mf2CqOFViZw1aFd.7S4L8KLJJAoqLcLSlNT2O', 'user31'),
(32, 'user32@yopmail.com', 1, 'Hannah', 0, 'Michel', '$2a$10$95Jc7.XBQTNEII83mf2CqOFViZw1aFd.7S4L8KLJJAoqLcLSlNT2O', 'user32'),
(33, 'user33@yopmail.com', 1, 'Hannah', 0, 'Thomas', '$2a$10$95Jc7.XBQTNEII83mf2CqOFViZw1aFd.7S4L8KLJJAoqLcLSlNT2O', 'user33'),
(34, 'user34@yopmail.com', 1, 'Michel', 0, 'Bertrand', '$2a$10$95Jc7.XBQTNEII83mf2CqOFViZw1aFd.7S4L8KLJJAoqLcLSlNT2O', 'user34'),
(35, 'user35@yopmail.com', 1, 'Pierre', 0, 'Bertrand', '$2a$10$95Jc7.XBQTNEII83mf2CqOFViZw1aFd.7S4L8KLJJAoqLcLSlNT2O', 'user35'),
(36, 'user36@yopmail.com', 1, 'Jeanne', 0, 'Moreau', '$2a$10$95Jc7.XBQTNEII83mf2CqOFViZw1aFd.7S4L8KLJJAoqLcLSlNT2O', 'user36'),
(37, 'user37@yopmail.com', 1, 'Francoise', 0, 'Bernard', '$2a$10$95Jc7.XBQTNEII83mf2CqOFViZw1aFd.7S4L8KLJJAoqLcLSlNT2O', 'user37'),
(38, 'user38@yopmail.com', 1, 'Alice', 0, 'Michel', '$2a$10$95Jc7.XBQTNEII83mf2CqOFViZw1aFd.7S4L8KLJJAoqLcLSlNT2O', 'user38'),
(39, 'user39@yopmail.com', 1, 'André', 0, 'Robert', '$2a$10$95Jc7.XBQTNEII83mf2CqOFViZw1aFd.7S4L8KLJJAoqLcLSlNT2O', 'user39'),
(40, 'user40@yopmail.com', 1, 'Francoise', 1, 'Leroy', '$2a$10$95Jc7.XBQTNEII83mf2CqOFViZw1aFd.7S4L8KLJJAoqLcLSlNT2O', 'user40'),
(41, 'user41@yopmail.com', 1, 'Hannah', 1, 'Laurent', '$2a$10$95Jc7.XBQTNEII83mf2CqOFViZw1aFd.7S4L8KLJJAoqLcLSlNT2O', 'user41'),
(42, 'user42@yopmail.com', 1, 'Jean', 1, 'Bertrand', '$2a$10$95Jc7.XBQTNEII83mf2CqOFViZw1aFd.7S4L8KLJJAoqLcLSlNT2O', 'user42'),
(43, 'user43@yopmail.com', 1, 'Alice', 1, 'Leroy', '$2a$10$95Jc7.XBQTNEII83mf2CqOFViZw1aFd.7S4L8KLJJAoqLcLSlNT2O', 'user43'),
(44, 'user44@yopmail.com', 1, 'Marie', 1, 'Lefebvre', '$2a$10$95Jc7.XBQTNEII83mf2CqOFViZw1aFd.7S4L8KLJJAoqLcLSlNT2O', 'user44'),
(45, 'user45@yopmail.com', 1, 'Francoise', 1, 'Durand', '$2a$10$95Jc7.XBQTNEII83mf2CqOFViZw1aFd.7S4L8KLJJAoqLcLSlNT2O', 'user45'),
(46, 'user46@yopmail.com', 1, 'Eva', 1, 'Dubois', '$2a$10$95Jc7.XBQTNEII83mf2CqOFViZw1aFd.7S4L8KLJJAoqLcLSlNT2O', 'user46'),
(47, 'user47@yopmail.com', 1, 'Jeanne', 1, 'Richard', '$2a$10$95Jc7.XBQTNEII83mf2CqOFViZw1aFd.7S4L8KLJJAoqLcLSlNT2O', 'user47'),
(48, 'user48@yopmail.com', 1, 'Hannah', 1, 'Bernard', '$2a$10$95Jc7.XBQTNEII83mf2CqOFViZw1aFd.7S4L8KLJJAoqLcLSlNT2O', 'user48'),
(49, 'user49@yopmail.com', 1, 'Pierre', 1, 'Fournier', '$2a$10$95Jc7.XBQTNEII83mf2CqOFViZw1aFd.7S4L8KLJJAoqLcLSlNT2O', 'user49'),
(50, 'user50@yopmail.com', 1, 'Philippe', 1, 'Durand', '$2a$10$95Jc7.XBQTNEII83mf2CqOFViZw1aFd.7S4L8KLJJAoqLcLSlNT2O', 'user50');
INSERT INTO friendship (status, friend_id, user_id) VALUES
('ACCEPTED', 3, 38),
('PENDING', 28, 33),
('PENDING', 9, 29),
('PENDING', 1, 25),
('PENDING', 20, 38),
('ACCEPTED', 13, 33),
('PENDING', 2, 8),
('ACCEPTED', 21, 28),
('ACCEPTED', 25, 34),
('PENDING', 12, 30),
('ACCEPTED', 17, 30),
('ACCEPTED', 2, 23),
('ACCEPTED', 2, 32),
('ACCEPTED', 14, 33),
('ACCEPTED', 6, 29),
('PENDING', 16, 27),
('ACCEPTED', 14, 15),
('PENDING', 8, 23),
('ACCEPTED', 22, 28),
('ACCEPTED', 10, 17),
('PENDING', 1, 20),
('ACCEPTED', 24, 37),
('ACCEPTED', 21, 23),
('PENDING', 5, 8),
('ACCEPTED', 2, 18),
('ACCEPTED', 2, 27),
('ACCEPTED', 17, 25),
('ACCEPTED', 2, 9),
('PENDING', 23, 34),
('PENDING', 35, 36),
('PENDING', 4, 30),
('PENDING', 15, 30),
('PENDING', 27, 32),
('ACCEPTED', 10, 31),
('ACCEPTED', 13, 36),
('PENDING', 8, 9),
('ACCEPTED', 3, 10),
('ACCEPTED', 3, 19),
('ACCEPTED', 14, 19),
('PENDING', 8, 27),
('ACCEPTED', 6, 15),
('ACCEPTED', 28, 39),
('PENDING', 8, 36),
('ACCEPTED', 31, 35),
('PENDING', 9, 10),
('PENDING', 1, 6),
('ACCEPTED', 5, 28),
('ACCEPTED', 28, 30),
('PENDING', 22, 38),
('ACCEPTED', 17, 39),
('ACCEPTED', 13, 23),
('ACCEPTED', 1, 30),
('PENDING', 19, 32),
('ACCEPTED', 1, 39),
('ACCEPTED', 2, 4),
('ACCEPTED', 29, 31),
('ACCEPTED', 5, 37),
('ACCEPTED', 9, 34),
('ACCEPTED', 2, 22),
('PENDING', 4, 7),
('ACCEPTED', 17, 20),
('PENDING', 4, 16),
('PENDING', 23, 29),
('PENDING', 4, 25),
('PENDING', 15, 25),
('PENDING', 12, 38),
('PENDING', 23, 38),
('ACCEPTED', 14, 23),
('ACCEPTED', 6, 19),
('ACCEPTED', 3, 5),
('ACCEPTED', 1, 35),
('PENDING', 16, 26),
('ACCEPTED', 6, 10),
('ACCEPTED', 28, 34),
('ACCEPTED', 9, 30),
('ACCEPTED', 20, 30),
('ACCEPTED', 31, 39),
('ACCEPTED', 17, 34),
('PENDING', 19, 36),
('ACCEPTED', 5, 32),
('ACCEPTED', 9, 20),
('PENDING', 11, 32),
('PENDING', 3, 37),
('PENDING', 15, 20),
('PENDING', 15, 29),
('ACCEPTED', 2, 17),
('PENDING', 4, 38),
('PENDING', 15, 38),
('ACCEPTED', 27, 37),
('ACCEPTED', 8, 33),
('ACCEPTED', 19, 33),
('PENDING', 26, 35),
('ACCEPTED', 9, 16),
('ACCEPTED', 20, 25),
('ACCEPTED', 5, 9),
('ACCEPTED', 31, 34),
('PENDING', 7, 30),
('ACCEPTED', 12, 39),
('ACCEPTED', 17, 29),
('PENDING', 11, 18),
('ACCEPTED', 1, 29),
('ACCEPTED', 13, 31),
('PENDING', 19, 31),
('ACCEPTED', 24, 31),
('PENDING', 31, 33),
('ACCEPTED', 1, 38),
('PENDING', 3, 23),
('ACCEPTED', 5, 36),
('ACCEPTED', 2, 12),
('ACCEPTED', 12, 26),
('ACCEPTED', 2, 3),
('PENDING', 4, 24),
('PENDING', 15, 24),
('ACCEPTED', 4, 31),
('PENDING', 26, 30),
('PENDING', 26, 39),
('PENDING', 29, 35),
('ACCEPTED', 16, 23),
('ACCEPTED', 9, 11),
('ACCEPTED', 24, 36),
('PENDING', 7, 16),
('ACCEPTED', 12, 16),
('ACCEPTED', 12, 25),
('ACCEPTED', 5, 13),
('ACCEPTED', 9, 38),
('ACCEPTED', 12, 34),
('ACCEPTED', 5, 31),
('ACCEPTED', 1, 15),
('ACCEPTED', 13, 17),
('PENDING', 3, 9),
('ACCEPTED', 5, 22),
('ACCEPTED', 20, 34),
('ACCEPTED', 4, 17),
('PENDING', 6, 38),
('ACCEPTED', 4, 26),
('ACCEPTED', 23, 39),
('ACCEPTED', 1, 11),
('ACCEPTED', 8, 32),
('PENDING', 26, 34),
('PENDING', 18, 30),
('ACCEPTED', 16, 18),
('PENDING', 29, 30),
('ACCEPTED', 9, 15),
('ACCEPTED', 12, 29),
('PENDING', 30, 31),
('PENDING', 7, 38),
('PENDING', 22, 36),
('ACCEPTED', 34, 35),
('ACCEPTED', 1, 10),
('ACCEPTED', 8, 28),
('ACCEPTED', 5, 17),
('ACCEPTED', 19, 28),
('ACCEPTED', 8, 37),
('ACCEPTED', 19, 37),
('ACCEPTED', 30, 37),
('PENDING', 3, 31),
('ACCEPTED', 4, 39),
('PENDING', 6, 24),
('ACCEPTED', 20, 29),
('PENDING', 25, 37),
('PENDING', 6, 33),
('ACCEPTED', 31, 38),
('ACCEPTED', 16, 22),
('ACCEPTED', 8, 18),
('ACCEPTED', 16, 31),
('ACCEPTED', 27, 31),
('PENDING', 10, 39),
('ACCEPTED', 12, 15),
('ACCEPTED', 34, 39),
('PENDING', 7, 24),
('ACCEPTED', 11, 28),
('ACCEPTED', 1, 5),
('ACCEPTED', 3, 33),
('PENDING', 11, 12),
('ACCEPTED', 27, 36),
('ACCEPTED', 11, 19),
('ACCEPTED', 15, 16),
('ACCEPTED', 7, 21),
('ACCEPTED', 4, 34),
('ACCEPTED', 15, 34),
('ACCEPTED', 20, 24),
('PENDING', 14, 32),
('ACCEPTED', 20, 33),
('ACCEPTED', 8, 31),
('ACCEPTED', 16, 17),
('PENDING', 10, 25),
('PENDING', 10, 34),
('ACCEPTED', 15, 21),
('PENDING', 7, 19),
('ACCEPTED', 7, 26),
('ACCEPTED', 18, 26),
('ACCEPTED', 7, 35),
('ACCEPTED', 18, 35),
('ACCEPTED', 22, 23),
('ACCEPTED', 19, 27),
('ACCEPTED', 26, 29),
('ACCEPTED', 7, 25),
('PENDING', 6, 23),
('PENDING', 17, 23),
('ACCEPTED', 7, 34),
('ACCEPTED', 23, 24),
('PENDING', 17, 32),
('ACCEPTED', 4, 29),
('ACCEPTED', 8, 17),
('ACCEPTED', 19, 26),
('ACCEPTED', 1, 14),
('ACCEPTED', 30, 32),
('PENDING', 7, 14),
('ACCEPTED', 7, 39),
('ACCEPTED', 18, 39),
('ACCEPTED', 22, 27),
('ACCEPTED', 8, 13),
('ACCEPTED', 34, 38),
('PENDING', 2, 21),
('PENDING', 13, 21),
('ACCEPTED', 3, 32),
('ACCEPTED', 8, 22),
('PENDING', 21, 34),
('PENDING', 2, 39),
('PENDING', 13, 39),
('ACCEPTED', 4, 15),
('ACCEPTED', 15, 33),
('ACCEPTED', 4, 6),
('PENDING', 6, 27),
('ACCEPTED', 8, 12),
('ACCEPTED', 22, 32),
('PENDING', 10, 15),
('ACCEPTED', 14, 37),
('ACCEPTED', 37, 39),
('ACCEPTED', 18, 25),
('ACCEPTED', 18, 34),
('PENDING', 20, 37),
('PENDING', 1, 33),
('ACCEPTED', 26, 38),
('ACCEPTED', 22, 31),
('ACCEPTED', 3, 27),
('PENDING', 5, 12),
('PENDING', 21, 29),
('PENDING', 5, 21),
('PENDING', 13, 34),
('ACCEPTED', 11, 22),
('PENDING', 5, 30),
('ACCEPTED', 11, 31),
('ACCEPTED', 4, 19),
('ACCEPTED', 33, 37),
('PENDING', 25, 26),
('ACCEPTED', 3, 14),
('ACCEPTED', 6, 37),
('PENDING', 9, 32),
('ACCEPTED', 7, 20),
('ACCEPTED', 18, 29),
('ACCEPTED', 11, 17),
('ACCEPTED', 11, 26),
('PENDING', 21, 24),
('PENDING', 5, 16),
('PENDING', 2, 29),
('PENDING', 24, 29),
('ACCEPTED', 25, 28),
('PENDING', 24, 38),
('ACCEPTED', 36, 37),
('PENDING', 5, 34),
('ACCEPTED', 17, 33),
('ACCEPTED', 2, 35),
('ACCEPTED', 13, 35),
('ACCEPTED', 14, 36),
('PENDING', 16, 30),
('ACCEPTED', 14, 18),
('ACCEPTED', 3, 18),
('PENDING', 8, 26),
('ACCEPTED', 6, 14),
('PENDING', 16, 39),
('PENDING', 8, 35),
('ACCEPTED', 3, 36),
('ACCEPTED', 18, 24),
('ACCEPTED', 6, 32),
('ACCEPTED', 10, 29),
('ACCEPTED', 15, 19),
('ACCEPTED', 17, 38),
('PENDING', 20, 27),
('PENDING', 9, 36),
('ACCEPTED', 32, 35),
('ACCEPTED', 3, 8),
('ACCEPTED', 21, 26),
('ACCEPTED', 29, 39),
('ACCEPTED', 9, 33),
('ACCEPTED', 21, 35),
('ACCEPTED', 17, 19),
('PENDING', 5, 29),
('ACCEPTED', 17, 28),
('ACCEPTED', 17, 37),
('PENDING', 27, 35),
('ACCEPTED', 6, 9),
('ACCEPTED', 25, 32),
('ACCEPTED', 6, 18),
('ACCEPTED', 3, 4),
('ACCEPTED', 3, 13),
('ACCEPTED', 6, 36),
('ACCEPTED', 29, 38),
('PENDING', 16, 34),
('ACCEPTED', 14, 22),
('PENDING', 8, 30),
('ACCEPTED', 14, 31),
('PENDING', 8, 39),
('ACCEPTED', 10, 33),
('PENDING', 1, 18),
('ACCEPTED', 18, 19),
('PENDING', 1, 27),
('ACCEPTED', 32, 39),
('PENDING', 31, 37),
('PENDING', 2, 10),
('ACCEPTED', 29, 34),
('ACCEPTED', 9, 28),
('ACCEPTED', 21, 30),
('ACCEPTED', 2, 16),
('ACCEPTED', 21, 39),
('ACCEPTED', 25, 27),
('ACCEPTED', 10, 11),
('ACCEPTED', 25, 36),
('PENDING', 23, 32),
('ACCEPTED', 14, 17),
('ACCEPTED', 6, 13),
('PENDING', 16, 38),
('ACCEPTED', 6, 22),
('ACCEPTED', 6, 31),
('PENDING', 9, 17),
('ACCEPTED', 21, 25),
('ACCEPTED', 1, 28),
('ACCEPTED', 5, 26),
('ACCEPTED', 9, 14),
('ACCEPTED', 5, 35),
('PENDING', 11, 35),
('ACCEPTED', 32, 34),
('PENDING', 4, 14),
('ACCEPTED', 2, 38),
('PENDING', 15, 23),
('PENDING', 12, 36),
('ACCEPTED', 17, 36),
('ACCEPTED', 6, 17),
('PENDING', 8, 11),
('PENDING', 16, 24),
('PENDING', 8, 20),
('PENDING', 8, 38),
('ACCEPTED', 9, 37),
('ACCEPTED', 28, 32),
('ACCEPTED', 5, 39),
('ACCEPTED', 1, 23),
('ACCEPTED', 13, 25),
('PENDING', 19, 34),
('PENDING', 31, 36),
('PENDING', 4, 9),
('ACCEPTED', 17, 22),
('ACCEPTED', 2, 33),
('PENDING', 15, 18),
('PENDING', 23, 31),
('ACCEPTED', 10, 19),
('ACCEPTED', 2, 15),
('ACCEPTED', 13, 15),
('PENDING', 4, 36),
('PENDING', 15, 36),
('ACCEPTED', 16, 35),
('ACCEPTED', 6, 12),
('ACCEPTED', 6, 21),
('ACCEPTED', 24, 30),
('PENDING', 16, 19),
('PENDING', 8, 15),
('ACCEPTED', 24, 39),
('ACCEPTED', 20, 23),
('ACCEPTED', 28, 36),
('ACCEPTED', 12, 19),
('ACCEPTED', 20, 32),
('ACCEPTED', 21, 33),
('ACCEPTED', 5, 25),
('PENDING', 11, 25),
('ACCEPTED', 1, 36),
('PENDING', 3, 30),
('ACCEPTED', 9, 31),
('ACCEPTED', 2, 19),
('ACCEPTED', 20, 28),
('ACCEPTED', 10, 14),
('PENDING', 26, 28),
('PENDING', 26, 37),
('PENDING', 18, 33),
('ACCEPTED', 5, 11),
('PENDING', 7, 32),
('ACCEPTED', 5, 20),
('ACCEPTED', 17, 31),
('ACCEPTED', 28, 31),
('ACCEPTED', 1, 22),
('ACCEPTED', 13, 24),
('PENDING', 19, 24),
('PENDING', 11, 29),
('ACCEPTED', 2, 5),
('ACCEPTED', 9, 26),
('ACCEPTED', 23, 37),
('PENDING', 3, 34),
('PENDING', 33, 35),
('PENDING', 12, 21),
('ACCEPTED', 12, 28),
('ACCEPTED', 12, 37),
('ACCEPTED', 8, 21),
('ACCEPTED', 19, 21),
('ACCEPTED', 27, 34),
('ACCEPTED', 9, 13),
('ACCEPTED', 35, 38),
('ACCEPTED', 9, 22),
('PENDING', 7, 27),
('ACCEPTED', 5, 15),
('PENDING', 7, 36),
('PENDING', 22, 34),
('ACCEPTED', 27, 30),
('ACCEPTED', 27, 39),
('ACCEPTED', 1, 26),
('ACCEPTED', 19, 35),
('ACCEPTED', 5, 24),
('ACCEPTED', 9, 12),
('PENDING', 11, 24),
('PENDING', 3, 20),
('ACCEPTED', 15, 28),
('PENDING', 14, 26),
('ACCEPTED', 38, 39),
('ACCEPTED', 7, 33),
('ACCEPTED', 1, 4),
('ACCEPTED', 27, 29),
('ACCEPTED', 1, 13),
('ACCEPTED', 27, 38),
('PENDING', 18, 32),
('ACCEPTED', 16, 29),
('ACCEPTED', 12, 13),
('ACCEPTED', 5, 10),
('PENDING', 22, 29),
('ACCEPTED', 1, 12),
('PENDING', 3, 15),
('ACCEPTED', 23, 27),
('ACCEPTED', 15, 32),
('PENDING', 33, 34),
('ACCEPTED', 4, 5),
('ACCEPTED', 7, 28),
('ACCEPTED', 12, 18),
('PENDING', 25, 30),
('PENDING', 6, 26),
('PENDING', 17, 26),
('PENDING', 36, 39),
('ACCEPTED', 4, 23),
('ACCEPTED', 1, 8),
('PENDING', 26, 31),
('ACCEPTED', 30, 35),
('ACCEPTED', 15, 37),
('ACCEPTED', 8, 16),
('ACCEPTED', 22, 39),
('ACCEPTED', 3, 35),
('ACCEPTED', 19, 25),
('PENDING', 11, 14),
('ACCEPTED', 8, 34),
('ACCEPTED', 11, 30),
('ACCEPTED', 11, 39),
('ACCEPTED', 4, 27),
('PENDING', 17, 21),
('PENDING', 14, 34),
('ACCEPTED', 12, 22),
('ACCEPTED', 4, 18),
('ACCEPTED', 12, 31),
('PENDING', 18, 22),
('PENDING', 7, 12),
('ACCEPTED', 18, 28),
('ACCEPTED', 18, 37),
('ACCEPTED', 22, 25),
('ACCEPTED', 34, 36),
('ACCEPTED', 19, 20),
('PENDING', 24, 28),
('ACCEPTED', 11, 16),
('ACCEPTED', 27, 33),
('PENDING', 13, 37),
('PENDING', 5, 33),
('ACCEPTED', 30, 38),
('ACCEPTED', 23, 26),
('PENDING', 6, 7),
('ACCEPTED', 7, 18),
('PENDING', 6, 25),
('PENDING', 25, 38),
('PENDING', 36, 38),
('ACCEPTED', 22, 30),
('ACCEPTED', 1, 7),
('ACCEPTED', 3, 26),
('ACCEPTED', 10, 28),
('ACCEPTED', 15, 27),
('PENDING', 9, 35),
('ACCEPTED', 7, 23),
('ACCEPTED', 18, 23),
('PENDING', 1, 31),
('PENDING', 20, 35),
('ACCEPTED', 3, 16),
('PENDING', 21, 27),
('ACCEPTED', 11, 38),
('PENDING', 21, 36),
('PENDING', 13, 32),
('PENDING', 24, 32),
('ACCEPTED', 30, 33),
('ACCEPTED', 15, 26),
('PENDING', 6, 11),
('PENDING', 14, 24),
('ACCEPTED', 25, 31),
('ACCEPTED', 7, 31),
('ACCEPTED', 6, 35),
('ACCEPTED', 3, 21),
('ACCEPTED', 14, 21),
('ACCEPTED', 3, 39),
('ACCEPTED', 18, 27),
('PENDING', 9, 21),
('ACCEPTED', 15, 22),
('PENDING', 9, 39),
('PENDING', 20, 39),
('ACCEPTED', 22, 24),
('PENDING', 21, 22),
('ACCEPTED', 11, 33),
('ACCEPTED', 22, 33),
('PENDING', 5, 14),
('ACCEPTED', 8, 19),
('PENDING', 24, 27),
('ACCEPTED', 11, 15),
('ACCEPTED', 4, 12),
('ACCEPTED', 7, 8),
('ACCEPTED', 10, 37),
('ACCEPTED', 33, 39),
('ACCEPTED', 25, 35),
('PENDING', 17, 24),
('ACCEPTED', 3, 7),
('ACCEPTED', 29, 32),
('ACCEPTED', 14, 16),
('PENDING', 16, 37),
('ACCEPTED', 14, 25),
('ACCEPTED', 10, 18),
('PENDING', 28, 29),
('ACCEPTED', 15, 17),
('PENDING', 9, 25),
('ACCEPTED', 7, 13),
('ACCEPTED', 10, 36),
('PENDING', 28, 38),
('ACCEPTED', 33, 38),
('ACCEPTED', 18, 31),
('PENDING', 2, 31),
('ACCEPTED', 25, 39),
('PENDING', 12, 35),
('ACCEPTED', 10, 23),
('ACCEPTED', 17, 35),
('PENDING', 35, 37),
('ACCEPTED', 10, 32),
('ACCEPTED', 14, 20),
('ACCEPTED', 2, 28),
('ACCEPTED', 14, 29),
('ACCEPTED', 14, 38),
('ACCEPTED', 29, 36),
('PENDING', 16, 32),
('ACCEPTED', 6, 16);
INSERT INTO message (id, content, date, sender_id, destination_id) VALUES
(260, 'Hello, how are you?', '2024-02-01', 2, 1),
(261, 'Did you watch the game last night?', '2023-06-10', 1, 2),
(262, 'I hope you are having a great day!', '2024-02-24', 1, 2),
(263, 'Lets grab lunch together tomorrow.', '2023-06-05', 1, 2),
(265, 'I am craving pizza tonight!', '2023-07-15', 1, 3),
(266, 'Have you tried that new restaurant downtown?', '2023-08-13', 3, 1),
(267, 'Lets meet up for drinks after work.', '2023-04-07', 1, 3),
(270, 'Remember to pick up some milk on your way home.', '2024-02-08', 4, 1),
(290, 'I hope you are having a great day!', '2024-02-09', 8, 1),
(291, 'Remember to pick up some milk on your way home.', '2024-02-20', 1, 8),
(292, 'Lets plan a movie night soon.', '2024-03-12', 1, 8),
(300, 'Do you want to join my book club?', '2023-05-03', 10, 1),
(301, 'What is your favorite movie genre?', '2023-03-09', 1, 10),
(310, 'Lets meet up for drinks after work.', '2023-04-18', 1, 12),
(311, 'I am excited about our upcoming trip!', '2023-10-20', 12, 1),
(312, 'I am excited about our upcoming trip!', '2023-01-17', 12, 1),
(315, 'Lets grab lunch together tomorrow.', '2023-10-26', 13, 1),
(316, 'Lets meet up for drinks after work.', '2023-09-18', 13, 1),
(317, 'Im looking forward to the weekend!', '2023-02-14', 13, 1),
(318, 'Remember to pick up some milk on your way home.', '2023-06-29', 1, 13),
(320, 'I heard it is going to rain tomorrow.', '2023-01-27', 1, 14),
(321, 'Im thinking of starting a new hobby.', '2023-03-30', 1, 14),
(322, 'Im so tired, I need a vacation!', '2024-03-20', 1, 14),
(323, 'I just finished reading a fantastic book!', '2024-02-21', 14, 1),
(324, 'Hello, how are you?', '2024-02-23', 14, 1),
(330, 'How was your meeting this morning?', '2023-03-08', 1, 16),
(331, 'Did you watch the game last night?', '2023-09-27', 1, 16),
(332, 'Are you free for a coffee this afternoon?', '2023-06-06', 16, 1),
(333, 'What are your plans for the weekend?', '2023-06-13', 16, 1),
(335, 'Lets grab lunch together tomorrow.', '2024-04-10', 17, 1),
(336, 'I hope you are having a great day!', '2024-01-23', 1, 17),
(350, 'I cant believe it is already Thursday.', '2023-06-11', 1, 20),
(351, 'Did you hear about the new exhibition at the museum?', '2023-01-23', 1, 20),
(360, 'I heard it is going to rain tomorrow.', '2023-02-04', 22, 1),
(361, 'Did you hear about the new exhibition at the museum?', '2023-07-02', 22, 1),
(362, 'I hope you are having a great day!', '2023-01-24', 1, 22),
(363, 'I heard it is going to rain tomorrow.', '2023-01-24', 1, 22),
(370, 'I cant believe it is already Thursday.', '2023-10-16', 24, 1),
(371, 'Lets grab lunch together tomorrow.', '2023-06-24', 1, 24),
(380, 'Are you free for a coffee this afternoon?', '2023-03-22', 1, 26),
(381, 'What time are you finishing work today?', '2023-05-03', 1, 26),
(385, 'Have you seen the latest episode of that TV show?', '2023-12-28', 27, 1),
(386, 'Are you free for a coffee this afternoon?', '2023-04-30', 27, 1),
(387, 'What is your favorite movie genre?', '2023-09-16', 1, 27),
(388, 'Im in the mood for sushi tonight.', '2023-08-21', 27, 1),
(395, 'Im looking forward to the weekend!', '2023-12-08', 1, 29),
(396, 'How was your meeting this morning?', '2023-04-11', 1, 29),
(400, 'Lets plan a movie night soon.', '2023-08-06', 30, 1),
(401, 'Lets grab lunch together tomorrow.', '2023-10-09', 1, 30),
(402, 'Lets meet up for drinks after work.', '2024-04-07', 1, 30),
(420, 'Lets go for a hike this weekend.', '2023-09-20', 34, 1),
(421, 'Did you hear about the new exhibition at the museum?', '2023-09-22', 34, 1),
(422, 'Did you watch the game last night?', '2023-08-03', 1, 34),
(423, 'Do you want to join my book club?', '2024-03-02', 34, 1),
(425, 'Did you watch the game last night?', '2023-07-01', 1, 35),
(426, 'Are you free for a coffee this afternoon?', '2023-12-14', 35, 1),
(427, 'I am excited about our upcoming trip!', '2024-03-15', 1, 35),
(428, 'Did you watch the game last night?', '2023-10-13', 1, 35),
(429, 'I just finished reading a fantastic book!', '2023-12-10', 35, 1),
(430, 'Im so tired, I need a vacation!', '2023-02-07', 36, 1),
(431, 'I cant believe it is already Thursday.', '2023-10-11', 1, 36),
(432, 'Do you want to join my book club?', '2023-01-02', 36, 1),
(433, 'Are you free for a coffee this afternoon?', '2023-06-07', 36, 1),
(435, 'I hope you are having a great day!', '2023-04-05', 1, 37),
(436, 'Lets meet up for drinks after work.', '2023-02-12', 37, 1),
(440, 'I heard it is going to rain tomorrow.', '2023-12-20', 38, 1),
(441, 'Lets plan a movie night soon.', '2023-01-21', 1, 38),
(450, 'I am thinking of redecorating my living room.', '2023-10-28', 1, 40),
(451, 'Have you ever been to that concert venue?', '2023-09-21', 1, 40),
(455, 'Im looking forward to the weekend!', '2023-07-31', 41, 1),
(456, 'Whats your favorite type of music?', '2023-10-07', 41, 1),
(490, 'Im so tired, I need a vacation!', '2023-11-24', 1, 48),
(491, 'I just finished reading a fantastic book!', '2023-04-10', 1, 48),
(515, 'Remember to pick up some milk on your way home.', '2024-02-02', 3, 2),
(530, 'I hope you are having a great day!', '2024-03-16', 2, 6),
(531, 'Have you ever been to that concert venue?', '2023-09-12', 6, 2),
(532, 'What time are you finishing work today?', '2023-12-30', 6, 2),
(533, 'Have you ever been to that concert venue?', '2024-04-08', 6, 2),
(534, 'Im looking forward to the weekend!', '2023-07-03', 2, 6),
(535, 'Im thinking of starting a new hobby.', '2023-01-06', 2, 7),
(536, 'I am thinking of redecorating my living room.', '2024-02-20', 7, 2),
(537, 'I am craving pizza tonight!', '2023-07-29', 7, 2),
(555, 'How was your meeting this morning?', '2023-07-15', 2, 11),
(565, 'Im thinking of starting a new hobby.', '2023-01-02', 2, 13),
(566, 'Have you seen the latest episode of that TV show?', '2023-05-18', 13, 2),
(567, 'I heard it is going to rain tomorrow.', '2023-07-21', 13, 2),
(568, 'Have you tried that new restaurant downtown?', '2023-01-24', 13, 2),
(569, 'I heard it is going to rain tomorrow.', '2023-08-21', 13, 2),
(570, 'Did you hear about the new exhibition at the museum?', '2023-09-19', 14, 2),
(571, 'Im looking forward to the weekend!', '2023-06-17', 2, 14),
(572, 'Did you watch the game last night?', '2023-02-27', 14, 2),
(573, 'I cant believe it is already Thursday.', '2024-04-20', 2, 14),
(574, 'I just finished reading a fantastic book!', '2023-05-09', 2, 14),
(575, 'Do you want to join my book club?', '2023-02-22', 2, 15),
(585, 'Did you hear about the new exhibition at the museum?', '2023-10-23', 17, 2),
(586, 'Have you tried that new restaurant downtown?', '2023-05-29', 2, 17),
(587, 'I am craving pizza tonight!', '2023-10-22', 2, 17),
(588, 'Did you watch the game last night?', '2023-02-26', 2, 17),
(610, 'Have you ever been to that concert venue?', '2024-05-21', 22, 2),
(611, 'What is your favorite movie genre?', '2023-08-05', 2, 22),
(612, 'Lets go for a hike this weekend.', '2024-02-16', 2, 22),
(613, 'Did you watch the game last night?', '2023-01-30', 22, 2),
(614, 'Remember to pick up some milk on your way home.', '2023-10-30', 2, 22),
(620, 'Hello, how are you?', '2023-04-20', 2, 24),
(621, 'What time are you finishing work today?', '2023-07-27', 2, 24),
(622, 'Did you hear about the new exhibition at the museum?', '2023-06-11', 24, 2),
(630, 'What are your plans for the weekend?', '2023-12-23', 26, 2),
(635, 'I hope you are having a great day!', '2023-06-25', 2, 27),
(636, 'Did you hear about the new exhibition at the museum?', '2024-03-26', 2, 27),
(637, 'Lets meet up for drinks after work.', '2024-05-08', 2, 27),
(645, 'I heard it is going to rain tomorrow.', '2023-05-05', 29, 2),
(646, 'Whats your favorite type of music?', '2024-01-01', 29, 2),
(647, 'What time are you finishing work today?', '2023-02-14', 2, 29),
(648, 'I am craving pizza tonight!', '2023-06-10', 2, 29),
(665, 'Lets go for a hike this weekend.', '2023-02-14', 33, 2),
(666, 'I am excited about our upcoming trip!', '2024-04-28', 33, 2),
(667, 'Have you tried that new restaurant downtown?', '2023-04-14', 33, 2),
(668, 'Lets meet up for drinks after work.', '2023-02-22', 33, 2),
(670, 'I just finished reading a fantastic book!', '2024-04-28', 34, 2),
(671, 'Are you free for a coffee this afternoon?', '2023-05-21', 34, 2),
(672, 'What time are you finishing work today?', '2024-02-17', 2, 34),
(673, 'I cant believe it is already Thursday.', '2023-05-14', 2, 34),
(674, 'What are your plans for the weekend?', '2023-07-25', 2, 34),
(675, 'Im in the mood for sushi tonight.', '2024-02-16', 35, 2),
(685, 'I am excited about our upcoming trip!', '2023-09-12', 2, 37),
(686, 'Im thinking of starting a new hobby.', '2023-06-19', 37, 2),
(687, 'Im so tired, I need a vacation!', '2023-04-29', 2, 37),
(688, 'Im looking forward to the weekend!', '2024-01-01', 2, 37),
(690, 'Do you want to join my book club?', '2023-03-12', 2, 38),
(691, 'Hello, how are you?', '2023-07-04', 2, 38),
(692, 'Hello, how are you?', '2023-10-16', 2, 38),
(693, 'Dont forget to call your mom on her birthday.', '2024-02-08', 2, 38),
(695, 'Im in the mood for sushi tonight.', '2023-12-27', 2, 39),
(696, 'Remember to pick up some milk on your way home.', '2023-11-23', 2, 39),
(790, 'I am craving pizza tonight!', '2023-05-02', 8, 3),
(791, 'Lets go for a hike this weekend.', '2023-09-19', 8, 3),
(792, 'What time are you finishing work today?', '2023-12-27', 8, 3),
(793, 'I am thinking of redecorating my living room.', '2023-12-24', 3, 8),
(805, 'Lets organize a barbecue this weekend.', '2024-03-07', 3, 11),
(806, 'Did you watch the game last night?', '2023-12-27', 11, 3),
(810, 'I am thinking of redecorating my living room.', '2024-03-25', 3, 12),
(811, 'What time are you finishing work today?', '2023-07-05', 12, 3),
(812, 'Remember to pick up some milk on your way home.', '2024-04-21', 3, 12),
(813, 'What are your plans for the weekend?', '2023-08-30', 12, 3),
(814, 'Im in the mood for sushi tonight.', '2023-06-11', 12, 3),
(820, 'Im thinking of starting a new hobby.', '2024-01-31', 14, 3),
(825, 'I heard it is going to rain tomorrow.', '2023-11-14', 15, 3),
(826, 'I am excited about our upcoming trip!', '2023-10-03', 15, 3),
(827, 'What time are you finishing work today?', '2023-11-22', 15, 3),
(830, 'I just finished reading a fantastic book!', '2024-01-28', 16, 3),
(835, 'I just finished reading a fantastic book!', '2023-04-03', 17, 3),
(836, 'Lets plan a movie night soon.', '2023-11-12', 17, 3),
(837, 'Lets organize a barbecue this weekend.', '2023-09-26', 17, 3),
(838, 'Do you want to join my book club?', '2024-01-26', 17, 3),
(839, 'Im looking forward to the weekend!', '2024-02-27', 3, 17),
(860, 'What is your favorite movie genre?', '2023-08-19', 3, 22),
(861, 'I am excited about our upcoming trip!', '2023-07-06', 22, 3),
(862, 'Did you watch the game last night?', '2024-03-03', 22, 3),
(863, 'Lets meet up for drinks after work.', '2024-04-07', 3, 22),
(870, 'Are you free for a coffee this afternoon?', '2024-05-02', 3, 24),
(871, 'Remember to pick up some milk on your way home.', '2023-08-10', 24, 3),
(872, 'Dont forget to call your mom on her birthday.', '2023-01-29', 3, 24),
(880, 'Do you want to join my book club?', '2024-05-03', 3, 26),
(881, 'Lets plan a movie night soon.', '2024-03-28', 26, 3),
(882, 'I am craving pizza tonight!', '2023-12-28', 3, 26),
(883, 'Are you free for a coffee this afternoon?', '2023-03-17', 26, 3),
(884, 'How was your meeting this morning?', '2023-07-18', 3, 26),
(890, 'What is your favorite movie genre?', '2023-05-27', 28, 3),
(891, 'Im in the mood for sushi tonight.', '2023-01-19', 3, 28),
(892, 'Im thinking of starting a new hobby.', '2023-12-04', 28, 3),
(895, 'Dont forget to call your mom on her birthday.', '2023-04-29', 3, 29),
(900, 'Did you hear about the new exhibition at the museum?', '2023-01-22', 3, 30),
(901, 'I am craving pizza tonight!', '2023-12-17', 3, 30),
(902, 'Remember to pick up some milk on your way home.', '2023-08-21', 3, 30),
(920, 'I am thinking of redecorating my living room.', '2024-02-24', 34, 3),
(925, 'Did you hear about the new exhibition at the museum?', '2023-11-18', 3, 35),
(926, 'What are your plans for the weekend?', '2023-06-16', 3, 35),
(935, 'Lets grab lunch together tomorrow.', '2023-12-18', 37, 3),
(936, 'Lets grab lunch together tomorrow.', '2023-01-08', 3, 37),
(937, 'Have you ever been to that concert venue?', '2023-05-31', 3, 37),
(938, 'Did you hear about the new exhibition at the museum?', '2023-01-31', 37, 3),
(940, 'Are you free for a coffee this afternoon?', '2023-06-05', 38, 3),
(945, 'Lets go for a hike this weekend.', '2024-05-19', 3, 39),
(946, 'Im in the mood for sushi tonight.', '2023-05-09', 3, 39),
(950, 'Im thinking of starting a new hobby.', '2024-04-19', 40, 3),
(951, 'Are you free for a coffee this afternoon?', '2023-02-05', 40, 3),
(952, 'Did you watch the game last night?', '2023-11-04', 40, 3),
(955, 'Do you want to join my book club?', '2023-08-06', 3, 41),
(990, 'Did you watch the game last night?', '2024-05-24', 48, 3),
(991, 'I am thinking of redecorating my living room.', '2024-01-06', 3, 48),
(992, 'I just finished reading a fantastic book!', '2023-11-29', 3, 48),
(1000, 'Have you seen the latest episode of that TV show?', '2024-03-07', 3, 50),
(1025, 'I am excited about our upcoming trip!', '2023-08-25', 4, 5),
(1026, 'Are you free for a coffee this afternoon?', '2023-11-27', 5, 4),
(1027, 'Lets meet up for drinks after work.', '2023-03-25', 5, 4),
(1050, 'I cant believe it is already Thursday.', '2023-05-22', 4, 10),
(1051, 'I am thinking of redecorating my living room.', '2023-07-24', 10, 4),
(1052, 'Im looking forward to the weekend!', '2023-10-02', 4, 10),
(1053, 'Did you watch the game last night?', '2024-04-23', 4, 10),
(1054, 'What are your plans for the weekend?', '2023-01-30', 10, 4),
(1055, 'How was your meeting this morning?', '2023-04-12', 4, 11),
(1056, 'Have you tried that new restaurant downtown?', '2024-03-07', 4, 11),
(1070, 'Have you tried that new restaurant downtown?', '2023-08-31', 14, 4),
(1071, 'Remember to pick up some milk on your way home.', '2024-03-31', 4, 14),
(1072, 'Im looking forward to the weekend!', '2023-02-23', 4, 14),
(1073, 'What are your plans for the weekend?', '2024-01-21', 4, 14),
(1075, 'What is your favorite movie genre?', '2023-08-30', 15, 4),
(1076, 'Hello, how are you?', '2023-08-24', 15, 4),
(1077, 'I just finished reading a fantastic book!', '2023-09-01', 4, 15),
(1078, 'Im looking forward to the weekend!', '2023-08-02', 15, 4),
(1079, 'What is your favorite movie genre?', '2023-09-04', 4, 15),
(1085, 'Have you seen the latest episode of that TV show?', '2023-12-11', 17, 4),
(1086, 'How was your meeting this morning?', '2023-09-03', 4, 17),
(1090, 'Im so tired, I need a vacation!', '2024-01-18', 18, 4),
(1091, 'Did you hear about the new exhibition at the museum?', '2023-01-11', 4, 18),
(1095, 'Lets plan a movie night soon.', '2023-06-03', 19, 4),
(1096, 'Whats your favorite type of music?', '2023-07-01', 4, 19),
(1097, 'Did you hear about the new exhibition at the museum?', '2023-06-29', 4, 19),
(1100, 'Lets go for a hike this weekend.', '2024-03-14', 4, 20),
(1101, 'I hope you are having a great day!', '2023-06-04', 20, 4),
(1102, 'Lets go for a hike this weekend.', '2023-05-05', 20, 4),
(1110, 'Have you seen the latest episode of that TV show?', '2023-05-02', 22, 4),
(1111, 'I hope you are having a great day!', '2023-03-23', 4, 22),
(1112, 'Lets plan a movie night soon.', '2023-11-15', 4, 22),
(1113, 'Lets plan a movie night soon.', '2023-07-13', 22, 4),
(1120, 'I just finished reading a fantastic book!', '2023-01-01', 4, 24),
(1121, 'Lets organize a barbecue this weekend.', '2023-11-05', 4, 24),
(1130, 'Whats your favorite type of music?', '2023-05-16', 26, 4),
(1135, 'I cant believe it is already Thursday.', '2023-11-05', 4, 27),
(1136, 'Lets go for a hike this weekend.', '2024-02-19', 4, 27),
(1140, 'Hello, how are you?', '2023-04-03', 4, 28),
(1141, 'What time are you finishing work today?', '2023-03-23', 28, 4),
(1142, 'Did you hear about the new exhibition at the museum?', '2023-02-18', 28, 4),
(1155, 'What time are you finishing work today?', '2024-02-10', 31, 4),
(1156, 'Lets grab lunch together tomorrow.', '2024-04-10', 31, 4),
(1160, 'What time are you finishing work today?', '2023-02-04', 4, 32),
(1161, 'Lets plan a movie night soon.', '2024-03-20', 4, 32),
(1162, 'Lets grab lunch together tomorrow.', '2023-12-23', 4, 32),
(1170, 'How was your meeting this morning?', '2024-04-03', 4, 34),
(1171, 'Im so tired, I need a vacation!', '2023-11-29', 34, 4),
(1190, 'What is your favorite movie genre?', '2023-12-08', 4, 38),
(1191, 'Have you tried that new restaurant downtown?', '2023-09-17', 38, 4),
(1192, 'Whats your favorite type of music?', '2023-04-08', 38, 4),
(1193, 'Have you ever been to that concert venue?', '2023-07-09', 4, 38),
(1194, 'Hello, how are you?', '2024-01-25', 4, 38),
(1195, 'I am excited about our upcoming trip!', '2023-02-23', 39, 4),
(1196, 'Im thinking of starting a new hobby.', '2023-05-11', 4, 39),
(1197, 'Remember to pick up some milk on your way home.', '2024-02-28', 39, 4),
(1198, 'I am craving pizza tonight!', '2024-05-18', 39, 4),
(1199, 'Lets grab lunch together tomorrow.', '2023-05-19', 39, 4),
(1210, 'What are your plans for the weekend?', '2023-10-08', 4, 42),
(1215, 'Dont forget to call your mom on her birthday.', '2024-02-03', 43, 4),
(1216, 'I am thinking of redecorating my living room.', '2024-03-13', 43, 4),
(1217, 'I cant believe it is already Thursday.', '2023-07-30', 43, 4),
(1225, 'Remember to pick up some milk on your way home.', '2024-02-10', 4, 45),
(1226, 'I am thinking of redecorating my living room.', '2023-11-13', 45, 4),
(1227, 'What is your favorite movie genre?', '2023-08-20', 4, 45),
(1245, 'I am thinking of redecorating my living room.', '2023-08-02', 4, 49),
(1250, 'Im in the mood for sushi tonight.', '2023-01-19', 50, 4),
(1251, 'Im so tired, I need a vacation!', '2024-01-02', 50, 4),
(1252, 'Im so tired, I need a vacation!', '2023-06-12', 4, 50),
(1253, 'Have you seen the latest episode of that TV show?', '2024-04-10', 50, 4),
(1280, 'Im so tired, I need a vacation!', '2023-10-15', 6, 5),
(1281, 'What is your favorite movie genre?', '2023-10-18', 5, 6),
(1282, 'Hello, how are you?', '2024-04-30', 5, 6),
(1283, 'Lets grab lunch together tomorrow.', '2023-12-09', 5, 6),
(1295, 'Did you watch the game last night?', '2024-04-04', 9, 5),
(1296, 'Lets grab lunch together tomorrow.', '2023-08-25', 9, 5),
(1297, 'Im thinking of starting a new hobby.', '2024-02-10', 9, 5),
(1300, 'Are you free for a coffee this afternoon?', '2024-01-17', 10, 5),
(1301, 'I am craving pizza tonight!', '2024-03-13', 10, 5),
(1320, 'Did you hear about the new exhibition at the museum?', '2023-09-11', 14, 5),
(1321, 'Did you hear about the new exhibition at the museum?', '2023-05-12', 5, 14),
(1322, 'What are your plans for the weekend?', '2023-06-11', 14, 5),
(1323, 'Are you free for a coffee this afternoon?', '2024-05-27', 5, 14),
(1330, 'Have you seen the latest episode of that TV show?', '2023-06-15', 16, 5),
(1331, 'Have you seen the latest episode of that TV show?', '2023-05-20', 16, 5),
(1332, 'Did you watch the game last night?', '2023-08-02', 5, 16),
(1335, 'Have you seen the latest episode of that TV show?', '2024-01-30', 5, 17),
(1336, 'Lets plan a movie night soon.', '2023-05-09', 5, 17),
(1337, 'Have you tried that new restaurant downtown?', '2023-11-17', 17, 5),
(1338, 'Im looking forward to the weekend!', '2023-08-13', 17, 5),
(1339, 'Do you want to join my book club?', '2023-04-13', 17, 5),
(1340, 'Lets meet up for drinks after work.', '2023-02-16', 5, 18),
(1341, 'I cant believe it is already Thursday.', '2023-09-24', 18, 5),
(1342, 'Have you tried that new restaurant downtown?', '2023-07-14', 5, 18),
(1343, 'Lets grab lunch together tomorrow.', '2024-03-01', 5, 18),
(1350, 'Whats your favorite type of music?', '2023-02-17', 5, 20),
(1351, 'Do you want to join my book club?', '2024-01-21', 5, 20),
(1352, 'Lets go for a hike this weekend.', '2023-09-15', 20, 5),
(1355, 'Im so tired, I need a vacation!', '2023-05-20', 5, 21),
(1356, 'Have you tried that new restaurant downtown?', '2024-03-16', 5, 21),
(1357, 'Lets grab lunch together tomorrow.', '2023-05-16', 21, 5),
(1358, 'Lets meet up for drinks after work.', '2024-04-23', 5, 21),
(1359, 'Are you free for a coffee this afternoon?', '2023-12-01', 21, 5),
(1360, 'I am excited about our upcoming trip!', '2023-12-20', 5, 22),
(1361, 'Lets go for a hike this weekend.', '2023-04-21', 22, 5),
(1362, 'What time are you finishing work today?', '2024-01-23', 5, 22),
(1363, 'Do you want to join my book club?', '2023-12-10', 5, 22),
(1364, 'Hello, how are you?', '2024-04-01', 22, 5),
(1385, 'What are your plans for the weekend?', '2023-09-05', 5, 27),
(1386, 'Did you hear about the new exhibition at the museum?', '2024-02-24', 5, 27),
(1387, 'Did you watch the game last night?', '2023-05-19', 27, 5),
(1388, 'Im in the mood for sushi tonight.', '2024-04-03', 27, 5),
(1389, 'Lets meet up for drinks after work.', '2023-03-18', 5, 27),
(1390, 'I am thinking of redecorating my living room.', '2023-01-19', 28, 5),
(1400, 'Dont forget to call your mom on her birthday.', '2023-05-23', 5, 30),
(1401, 'Have you ever been to that concert venue?', '2023-06-17', 30, 5),
(1402, 'What is your favorite movie genre?', '2023-01-14', 5, 30),
(1403, 'I cant believe it is already Thursday.', '2023-03-12', 5, 30),
(1405, 'Hello, how are you?', '2023-11-06', 5, 31),
(1410, 'Did you hear about the new exhibition at the museum?', '2023-06-22', 32, 5),
(1411, 'I am excited about our upcoming trip!', '2023-02-14', 5, 32),
(1412, 'What is your favorite movie genre?', '2024-03-11', 32, 5),
(1413, 'Are you free for a coffee this afternoon?', '2023-03-16', 32, 5),
(1414, 'Im in the mood for sushi tonight.', '2024-02-20', 32, 5),
(1430, 'Dont forget to call your mom on her birthday.', '2023-08-18', 36, 5),
(1431, 'How was your meeting this morning?', '2023-09-15', 36, 5),
(1432, 'Dont forget to call your mom on her birthday.', '2024-01-24', 36, 5),
(1433, 'Whats your favorite type of music?', '2023-08-18', 5, 36),
(1455, 'Im thinking of starting a new hobby.', '2023-06-01', 41, 5),
(1456, 'I hope you are having a great day!', '2023-04-05', 41, 5),
(1457, 'I am excited about our upcoming trip!', '2023-12-27', 5, 41),
(1458, 'Did you watch the game last night?', '2023-07-15', 5, 41),
(1460, 'I am excited about our upcoming trip!', '2024-02-02', 42, 5),
(1461, 'Have you seen the latest episode of that TV show?', '2024-02-18', 5, 42),
(1462, 'What are your plans for the weekend?', '2023-07-06', 5, 42),
(1463, 'I am craving pizza tonight!', '2023-08-25', 42, 5),
(1464, 'Lets plan a movie night soon.', '2023-10-03', 5, 42),
(1465, 'Did you hear about the new exhibition at the museum?', '2023-02-06', 5, 43),
(1466, 'Im thinking of starting a new hobby.', '2024-04-23', 43, 5),
(1470, 'What are your plans for the weekend?', '2023-04-26', 44, 5),
(1471, 'How was your meeting this morning?', '2023-02-13', 5, 44),
(1472, 'I just finished reading a fantastic book!', '2024-04-20', 5, 44),
(1473, 'What is your favorite movie genre?', '2023-09-10', 44, 5),
(1475, 'Im so tired, I need a vacation!', '2023-06-14', 45, 5),
(1476, 'I heard it is going to rain tomorrow.', '2023-11-08', 45, 5),
(1477, 'What is your favorite movie genre?', '2024-04-10', 5, 45),
(1478, 'Did you watch the game last night?', '2023-11-05', 45, 5),
(1480, 'Lets plan a movie night soon.', '2023-10-16', 5, 46),
(1481, 'Lets grab lunch together tomorrow.', '2024-01-23', 5, 46),
(1485, 'I am craving pizza tonight!', '2023-09-24', 47, 5),
(1486, 'Remember to pick up some milk on your way home.', '2023-09-17', 47, 5),
(1487, 'I am craving pizza tonight!', '2023-05-28', 47, 5),
(1500, 'I just finished reading a fantastic book!', '2023-12-13', 5, 50),
(1535, 'Hello, how are you?', '2024-05-10', 6, 7),
(1540, 'I hope you are having a great day!', '2023-03-21', 8, 6),
(1541, 'Im in the mood for sushi tonight.', '2023-02-11', 8, 6),
(1545, 'Have you ever been to that concert venue?', '2023-10-15', 6, 9),
(1546, 'Im looking forward to the weekend!', '2024-04-30', 9, 6),
(1555, 'Have you ever been to that concert venue?', '2023-01-04', 11, 6),
(1556, 'Im so tired, I need a vacation!', '2023-03-20', 11, 6),
(1557, 'Have you ever been to that concert venue?', '2023-04-08', 6, 11),
(1558, 'Im thinking of starting a new hobby.', '2023-09-09', 6, 11),
(1559, 'Have you seen the latest episode of that TV show?', '2023-04-03', 11, 6),
(1560, 'Lets meet up for drinks after work.', '2023-09-16', 6, 12),
(1561, 'What is your favorite movie genre?', '2024-01-12', 12, 6),
(1562, 'How was your meeting this morning?', '2023-04-29', 12, 6),
(1565, 'I cant believe it is already Thursday.', '2023-03-31', 13, 6),
(1566, 'Did you hear about the new exhibition at the museum?', '2023-12-05', 13, 6),
(1567, 'Remember to pick up some milk on your way home.', '2024-02-18', 13, 6),
(1568, 'What is your favorite movie genre?', '2024-05-08', 13, 6),
(1580, 'Im looking forward to the weekend!', '2023-03-03', 16, 6),
(1581, 'Lets go for a hike this weekend.', '2023-05-10', 16, 6),
(1582, 'How was your meeting this morning?', '2023-02-12', 16, 6),
(1583, 'Hello, how are you?', '2024-04-05', 6, 16),
(1595, 'Whats your favorite type of music?', '2024-04-22', 19, 6),
(1596, 'I heard it is going to rain tomorrow.', '2023-03-16', 6, 19),
(1610, 'I just finished reading a fantastic book!', '2023-05-18', 6, 22),
(1615, 'Whats your favorite type of music?', '2024-04-12', 23, 6),
(1616, 'Did you hear about the new exhibition at the museum?', '2024-05-16', 6, 23),
(1617, 'Im in the mood for sushi tonight.', '2024-04-10', 23, 6),
(1618, 'I am craving pizza tonight!', '2023-12-30', 6, 23),
(1619, 'I just finished reading a fantastic book!', '2023-08-13', 23, 6),
(1620, 'Did you watch the game last night?', '2024-02-21', 6, 24),
(1621, 'I am thinking of redecorating my living room.', '2023-07-27', 6, 24),
(1625, 'Im in the mood for sushi tonight.', '2024-04-10', 6, 25),
(1626, 'Im thinking of starting a new hobby.', '2024-05-12', 25, 6),
(1627, 'Have you tried that new restaurant downtown?', '2023-11-22', 25, 6),
(1628, 'I am thinking of redecorating my living room.', '2023-05-25', 25, 6),
(1629, 'What is your favorite movie genre?', '2023-03-05', 6, 25),
(1630, 'Lets grab lunch together tomorrow.', '2023-04-29', 6, 26),
(1631, 'Did you watch the game last night?', '2023-10-16', 6, 26),
(1632, 'I hope you are having a great day!', '2023-10-06', 26, 6),
(1633, 'Have you seen the latest episode of that TV show?', '2023-08-04', 26, 6),
(1634, 'Whats your favorite type of music?', '2023-03-02', 6, 26),
(1635, 'What are your plans for the weekend?', '2023-04-01', 6, 27),
(1636, 'Im looking forward to the weekend!', '2023-01-25', 27, 6),
(1637, 'I cant believe it is already Thursday.', '2023-06-04', 27, 6),
(1640, 'Lets meet up for drinks after work.', '2023-08-01', 28, 6),
(1641, 'Lets grab lunch together tomorrow.', '2023-05-03', 6, 28),
(1650, 'Lets plan a movie night soon.', '2023-04-14', 30, 6),
(1651, 'Lets meet up for drinks after work.', '2023-05-05', 30, 6),
(1652, 'Whats your favorite type of music?', '2024-04-13', 30, 6),
(1653, 'Are you free for a coffee this afternoon?', '2023-04-09', 6, 30),
(1655, 'Did you hear about the new exhibition at the museum?', '2024-02-01', 6, 31),
(1656, 'Whats your favorite type of music?', '2023-10-17', 6, 31),
(1657, 'What is your favorite movie genre?', '2024-03-23', 6, 31),
(1658, 'Whats your favorite type of music?', '2023-04-06', 6, 31),
(1659, 'Are you free for a coffee this afternoon?', '2023-04-30', 6, 31),
(1660, 'Lets go for a hike this weekend.', '2023-10-02', 6, 32),
(1661, 'I heard it is going to rain tomorrow.', '2024-03-11', 6, 32),
(1662, 'What time are you finishing work today?', '2024-02-08', 32, 6),
(1663, 'I cant believe it is already Thursday.', '2023-10-28', 6, 32),
(1665, 'Lets go for a hike this weekend.', '2023-03-03', 6, 33),
(1666, 'Have you ever been to that concert venue?', '2023-08-27', 6, 33),
(1670, 'Have you ever been to that concert venue?', '2023-07-23', 6, 34),
(1671, 'Whats your favorite type of music?', '2023-05-20', 34, 6),
(1685, 'What is your favorite movie genre?', '2023-08-18', 6, 37),
(1686, 'Do you want to join my book club?', '2024-03-20', 6, 37),
(1687, 'Im thinking of starting a new hobby.', '2023-08-05', 37, 6),
(1688, 'Lets grab lunch together tomorrow.', '2024-03-14', 6, 37),
(1690, 'I am craving pizza tonight!', '2024-01-13', 38, 6),
(1691, 'I am thinking of redecorating my living room.', '2024-01-09', 6, 38),
(1700, 'I am excited about our upcoming trip!', '2023-06-05', 6, 40),
(1701, 'Lets grab lunch together tomorrow.', '2023-11-14', 6, 40),
(1702, 'Whats your favorite type of music?', '2023-10-22', 40, 6),
(1703, 'Hello, how are you?', '2023-08-08', 40, 6),
(1704, 'Have you tried that new restaurant downtown?', '2024-05-02', 40, 6),
(1715, 'I heard it is going to rain tomorrow.', '2023-11-19', 43, 6),
(1716, 'Whats your favorite type of music?', '2023-04-20', 6, 43),
(1717, 'I hope you are having a great day!', '2023-04-21', 6, 43),
(1720, 'Hello, how are you?', '2024-02-05', 6, 44),
(1725, 'Lets organize a barbecue this weekend.', '2023-02-18', 45, 6),
(1726, 'Im thinking of starting a new hobby.', '2024-02-14', 45, 6),
(1735, 'Do you want to join my book club?', '2023-03-29', 6, 47),
(1736, 'I am craving pizza tonight!', '2023-07-21', 6, 47),
(1737, 'Im so tired, I need a vacation!', '2023-02-01', 47, 6),
(1738, 'I am craving pizza tonight!', '2023-08-03', 6, 47),
(1739, 'What time are you finishing work today?', '2023-07-12', 6, 47),
(1745, 'Lets grab lunch together tomorrow.', '2023-11-29', 6, 49),
(1746, 'How was your meeting this morning?', '2023-03-18', 49, 6),
(1747, 'I cant believe it is already Thursday.', '2024-01-17', 49, 6),
(1748, 'I cant believe it is already Thursday.', '2023-09-06', 49, 6),
(1750, 'Im so tired, I need a vacation!', '2024-01-02', 6, 50),
(1751, 'What time are you finishing work today?', '2024-04-30', 6, 50),
(1752, 'Lets organize a barbecue this weekend.', '2024-05-01', 50, 6),
(1753, 'I heard it is going to rain tomorrow.', '2023-06-08', 50, 6),
(1754, 'Did you hear about the new exhibition at the museum?', '2023-05-21', 6, 50),
(1790, 'I just finished reading a fantastic book!', '2023-01-27', 8, 7),
(1791, 'I am excited about our upcoming trip!', '2023-01-10', 7, 8),
(1792, 'What is your favorite movie genre?', '2024-05-11', 8, 7),
(1793, 'Do you want to join my book club?', '2023-10-04', 7, 8),
(1795, 'I hope you are having a great day!', '2023-06-06', 9, 7),
(1796, 'Whats your favorite type of music?', '2024-04-19', 9, 7),
(1797, 'Are you free for a coffee this afternoon?', '2023-05-03', 9, 7),
(1798, 'Did you hear about the new exhibition at the museum?', '2023-07-11', 7, 9),
(1805, 'I heard it is going to rain tomorrow.', '2023-06-08', 7, 11),
(1806, 'Im in the mood for sushi tonight.', '2024-02-25', 7, 11),
(1807, 'Dont forget to call your mom on her birthday.', '2023-09-30', 7, 11),
(1808, 'I cant believe it is already Thursday.', '2023-01-15', 7, 11),
(1810, 'Whats your favorite type of music?', '2023-05-30', 12, 7),
(1815, 'Hello, how are you?', '2023-10-07', 7, 13),
(1816, 'What is your favorite movie genre?', '2023-11-19', 13, 7),
(1817, 'Lets meet up for drinks after work.', '2023-09-27', 13, 7),
(1818, 'I cant believe it is already Thursday.', '2023-02-20', 7, 13),
(1820, 'Im looking forward to the weekend!', '2023-02-04', 14, 7),
(1825, 'What time are you finishing work today?', '2024-05-17', 15, 7),
(1826, 'Lets go for a hike this weekend.', '2024-03-09', 7, 15),
(1827, 'Dont forget to call your mom on her birthday.', '2023-01-03', 7, 15),
(1828, 'Im looking forward to the weekend!', '2023-10-07', 7, 15),
(1829, 'Do you want to join my book club?', '2023-08-07', 15, 7),
(1840, 'Lets grab lunch together tomorrow.', '2023-05-29', 18, 7),
(1841, 'I hope you are having a great day!', '2023-08-31', 7, 18),
(1842, 'Lets go for a hike this weekend.', '2024-05-10', 7, 18),
(1845, 'Dont forget to call your mom on her birthday.', '2023-06-23', 7, 19),
(1850, 'I am thinking of redecorating my living room.', '2023-08-04', 7, 20),
(1851, 'Have you seen the latest episode of that TV show?', '2023-03-10', 7, 20),
(1852, 'Whats your favorite type of music?', '2023-05-24', 20, 7),
(1853, 'Im thinking of starting a new hobby.', '2023-10-16', 20, 7),
(1854, 'I hope you are having a great day!', '2024-05-10', 7, 20),
(1855, 'Lets go for a hike this weekend.', '2023-02-24', 7, 21),
(1856, 'I am craving pizza tonight!', '2024-03-05', 21, 7),
(1857, 'Im in the mood for sushi tonight.', '2023-06-17', 21, 7),
(1865, 'I heard it is going to rain tomorrow.', '2024-01-01', 23, 7),
(1875, 'Have you ever been to that concert venue?', '2024-03-13', 7, 25),
(1876, 'Have you tried that new restaurant downtown?', '2023-11-24', 25, 7),
(1877, 'Im in the mood for sushi tonight.', '2023-06-21', 7, 25),
(1878, 'Lets meet up for drinks after work.', '2023-06-27', 7, 25),
(1879, 'How was your meeting this morning?', '2023-12-22', 7, 25),
(1880, 'Remember to pick up some milk on your way home.', '2024-01-22', 26, 7),
(1881, 'How was your meeting this morning?', '2023-06-13', 7, 26),
(1885, 'What are your plans for the weekend?', '2024-03-04', 27, 7),
(1886, 'Lets grab lunch together tomorrow.', '2023-06-01', 7, 27),
(1887, 'Are you free for a coffee this afternoon?', '2023-11-20', 27, 7),
(1910, 'I am excited about our upcoming trip!', '2023-04-15', 32, 7),
(1911, 'Did you hear about the new exhibition at the museum?', '2023-01-30', 32, 7),
(1912, 'Have you seen the latest episode of that TV show?', '2024-04-12', 7, 32),
(1913, 'I am craving pizza tonight!', '2024-02-04', 32, 7),
(1914, 'I cant believe it is already Thursday.', '2023-08-30', 7, 32),
(1915, 'Did you watch the game last night?', '2023-11-10', 33, 7),
(1916, 'I heard it is going to rain tomorrow.', '2024-04-26', 33, 7),
(1935, 'Lets grab lunch together tomorrow.', '2023-06-27', 37, 7),
(1936, 'Do you want to join my book club?', '2024-05-25', 7, 37),
(1937, 'Lets meet up for drinks after work.', '2024-04-29', 37, 7),
(1938, 'Dont forget to call your mom on her birthday.', '2024-02-24', 7, 37),
(1970, 'Im looking forward to the weekend!', '2023-08-10', 7, 44),
(1971, 'What time are you finishing work today?', '2023-11-15', 44, 7),
(1972, 'Im thinking of starting a new hobby.', '2024-05-23', 7, 44),
(1973, 'I just finished reading a fantastic book!', '2023-09-19', 44, 7),
(1985, 'Have you tried that new restaurant downtown?', '2023-02-17', 47, 7),
(1990, 'Im in the mood for sushi tonight.', '2023-02-19', 7, 48),
(2000, 'Im thinking of starting a new hobby.', '2023-07-08', 50, 7),
(2050, 'Are you free for a coffee this afternoon?', '2023-12-19', 10, 8),
(2051, 'Im looking forward to the weekend!', '2024-02-25', 10, 8),
(2052, 'Did you watch the game last night?', '2023-06-20', 10, 8),
(2053, 'Have you ever been to that concert venue?', '2024-05-20', 8, 10),
(2055, 'Im thinking of starting a new hobby.', '2024-05-01', 8, 11),
(2056, 'Im so tired, I need a vacation!', '2023-05-11', 8, 11),
(2065, 'Are you free for a coffee this afternoon?', '2023-11-29', 8, 13),
(2066, 'I just finished reading a fantastic book!', '2023-05-01', 13, 8),
(2070, 'Lets plan a movie night soon.', '2023-11-06', 8, 14),
(2071, 'How was your meeting this morning?', '2023-07-08', 14, 8),
(2072, 'Lets meet up for drinks after work.', '2023-06-24', 8, 14),
(2075, 'I am excited about our upcoming trip!', '2023-04-13', 8, 15),
(2076, 'I just finished reading a fantastic book!', '2023-11-09', 15, 8),
(2077, 'Did you watch the game last night?', '2023-08-30', 15, 8),
(2078, 'Lets plan a movie night soon.', '2023-07-13', 15, 8),
(2090, 'Lets meet up for drinks after work.', '2023-04-02', 8, 18),
(2091, 'Im looking forward to the weekend!', '2024-01-15', 8, 18),
(2092, 'Did you watch the game last night?', '2023-11-10', 18, 8),
(2095, 'Have you tried that new restaurant downtown?', '2023-05-17', 8, 19),
(2096, 'I am excited about our upcoming trip!', '2023-02-15', 8, 19),
(2097, 'Lets grab lunch together tomorrow.', '2023-03-25', 8, 19),
(2110, 'Have you ever been to that concert venue?', '2023-12-02', 8, 22),
(2111, 'Have you ever been to that concert venue?', '2023-05-18', 8, 22),
(2112, 'Hello, how are you?', '2024-01-26', 8, 22),
(2113, 'Im so tired, I need a vacation!', '2023-07-20', 22, 8),
(2114, 'Lets go for a hike this weekend.', '2024-01-11', 8, 22),
(2130, 'Did you watch the game last night?', '2023-04-01', 26, 8),
(2140, 'I cant believe it is already Thursday.', '2023-02-20', 28, 8),
(2141, 'Lets grab lunch together tomorrow.', '2023-05-10', 28, 8),
(2142, 'Dont forget to call your mom on her birthday.', '2024-05-08', 8, 28),
(2143, 'What are your plans for the weekend?', '2024-02-21', 8, 28),
(2144, 'Did you hear about the new exhibition at the museum?', '2023-09-15', 28, 8),
(2145, 'What is your favorite movie genre?', '2023-07-06', 29, 8),
(2150, 'I heard it is going to rain tomorrow.', '2023-03-07', 8, 30),
(2170, 'Im so tired, I need a vacation!', '2023-10-17', 8, 34),
(2171, 'Im in the mood for sushi tonight.', '2024-03-19', 8, 34),
(2175, 'I just finished reading a fantastic book!', '2024-04-27', 8, 35),
(2176, 'Did you watch the game last night?', '2023-06-18', 35, 8),
(2177, 'Lets go for a hike this weekend.', '2023-04-04', 35, 8),
(2190, 'I am craving pizza tonight!', '2023-02-21', 38, 8),
(2191, 'Lets organize a barbecue this weekend.', '2024-03-18', 38, 8),
(2192, 'Remember to pick up some milk on your way home.', '2023-03-30', 8, 38),
(2193, 'Im in the mood for sushi tonight.', '2024-04-14', 8, 38),
(2194, 'Dont forget to call your mom on her birthday.', '2023-01-23', 8, 38),
(2200, 'Lets go for a hike this weekend.', '2023-06-29', 8, 40),
(2201, 'Hello, how are you?', '2024-05-24', 8, 40),
(2210, 'Are you free for a coffee this afternoon?', '2024-02-14', 8, 42),
(2211, 'I just finished reading a fantastic book!', '2023-09-27', 8, 42),
(2225, 'I am thinking of redecorating my living room.', '2023-11-20', 45, 8),
(2226, 'Have you seen the latest episode of that TV show?', '2023-11-15', 8, 45),
(2227, 'Whats your favorite type of music?', '2024-01-02', 8, 45),
(2228, 'Dont forget to call your mom on her birthday.', '2023-03-19', 45, 8),
(2235, 'Im in the mood for sushi tonight.', '2023-11-14', 8, 47),
(2236, 'Im so tired, I need a vacation!', '2023-01-14', 47, 8),
(2237, 'Lets go for a hike this weekend.', '2023-07-26', 47, 8),
(2245, 'Did you hear about the new exhibition at the museum?', '2023-10-16', 49, 8),
(2305, 'I cant believe it is already Thursday.', '2023-11-26', 11, 9),
(2306, 'Im thinking of starting a new hobby.', '2024-03-13', 9, 11),
(2307, 'Lets plan a movie night soon.', '2024-04-06', 9, 11),
(2308, 'Im thinking of starting a new hobby.', '2023-05-22', 9, 11),
(2309, 'Did you watch the game last night?', '2023-06-21', 9, 11),
(2310, 'Did you watch the game last night?', '2023-11-29', 12, 9),
(2311, 'Lets grab lunch together tomorrow.', '2023-09-20', 9, 12),
(2315, 'Im so tired, I need a vacation!', '2024-04-28', 9, 13),
(2320, 'Lets plan a movie night soon.', '2023-07-04', 14, 9),
(2321, 'Whats your favorite type of music?', '2023-12-03', 9, 14),
(2322, 'Are you free for a coffee this afternoon?', '2023-12-01', 14, 9),
(2330, 'I am craving pizza tonight!', '2023-09-10', 16, 9),
(2331, 'How was your meeting this morning?', '2023-03-26', 16, 9),
(2332, 'Lets go for a hike this weekend.', '2023-07-23', 16, 9),
(2335, 'Im in the mood for sushi tonight.', '2023-04-02', 9, 17),
(2336, 'Lets meet up for drinks after work.', '2023-05-24', 17, 9),
(2350, 'Lets go for a hike this weekend.', '2023-04-26', 9, 20),
(2355, 'What are your plans for the weekend?', '2024-04-12', 9, 21),
(2356, 'How was your meeting this morning?', '2023-08-31', 9, 21),
(2357, 'I hope you are having a great day!', '2023-02-14', 9, 21),
(2358, 'Lets go for a hike this weekend.', '2024-02-05', 21, 9),
(2359, 'Whats your favorite type of music?', '2023-10-31', 9, 21),
(2360, 'Dont forget to call your mom on her birthday.', '2024-03-03', 9, 22),
(2361, 'Do you want to join my book club?', '2023-05-22', 22, 9),
(2362, 'Lets go for a hike this weekend.', '2023-08-16', 9, 22),
(2365, 'Are you free for a coffee this afternoon?', '2024-04-16', 9, 23),
(2366, 'Did you hear about the new exhibition at the museum?', '2023-08-06', 9, 23),
(2367, 'Lets meet up for drinks after work.', '2024-03-15', 9, 23),
(2368, 'Did you watch the game last night?', '2023-03-21', 23, 9),
(2370, 'I cant believe it is already Thursday.', '2023-10-13', 24, 9),
(2371, 'Lets organize a barbecue this weekend.', '2023-01-10', 24, 9),
(2380, 'Remember to pick up some milk on your way home.', '2024-03-15', 26, 9),
(2381, 'Have you tried that new restaurant downtown?', '2024-02-23', 26, 9),
(2382, 'Im so tired, I need a vacation!', '2023-07-16', 26, 9),
(2390, 'Lets meet up for drinks after work.', '2023-08-22', 28, 9),
(2391, 'Im thinking of starting a new hobby.', '2023-07-27', 28, 9),
(2392, 'How was your meeting this morning?', '2023-10-25', 9, 28),
(2400, 'Have you seen the latest episode of that TV show?', '2023-10-07', 9, 30),
(2405, 'Hello, how are you?', '2023-07-01', 9, 31),
(2406, 'What is your favorite movie genre?', '2024-02-04', 31, 9),
(2407, 'Did you watch the game last night?', '2023-03-24', 31, 9),
(2408, 'Lets go for a hike this weekend.', '2023-08-29', 31, 9),
(2410, 'What time are you finishing work today?', '2023-02-03', 32, 9),
(2411, 'I am excited about our upcoming trip!', '2023-05-06', 32, 9),
(2412, 'Hello, how are you?', '2023-12-31', 9, 32),
(2413, 'What is your favorite movie genre?', '2024-02-29', 9, 32),
(2414, 'Have you ever been to that concert venue?', '2024-02-23', 32, 9),
(2415, 'Did you hear about the new exhibition at the museum?', '2024-02-12', 33, 9),
(2416, 'Are you free for a coffee this afternoon?', '2024-03-04', 9, 33),
(2417, 'What are your plans for the weekend?', '2024-02-14', 33, 9),
(2418, 'I heard it is going to rain tomorrow.', '2023-02-28', 33, 9),
(2419, 'Lets organize a barbecue this weekend.', '2023-08-22', 33, 9),
(2420, 'Lets plan a movie night soon.', '2023-04-20', 34, 9),
(2421, 'Lets meet up for drinks after work.', '2023-06-16', 34, 9),
(2422, 'What are your plans for the weekend?', '2023-07-27', 34, 9),
(2423, 'I am craving pizza tonight!', '2023-06-23', 34, 9),
(2430, 'I heard it is going to rain tomorrow.', '2024-01-11', 9, 36),
(2431, 'Im in the mood for sushi tonight.', '2023-08-21', 36, 9),
(2432, 'What is your favorite movie genre?', '2024-01-09', 36, 9),
(2433, 'I just finished reading a fantastic book!', '2023-09-27', 36, 9),
(2434, 'What are your plans for the weekend?', '2023-05-07', 36, 9),
(2435, 'Lets meet up for drinks after work.', '2023-06-16', 9, 37),
(2436, 'I just finished reading a fantastic book!', '2023-10-02', 37, 9),
(2437, 'I am excited about our upcoming trip!', '2024-05-18', 37, 9),
(2438, 'Hello, how are you?', '2023-01-09', 9, 37),
(2445, 'Remember to pick up some milk on your way home.', '2024-04-07', 9, 39),
(2446, 'How was your meeting this morning?', '2024-03-23', 39, 9),
(2447, 'Im looking forward to the weekend!', '2023-07-29', 9, 39),
(2448, 'Im in the mood for sushi tonight.', '2023-01-22', 39, 9),
(2449, 'How was your meeting this morning?', '2023-12-22', 9, 39),
(2450, 'Lets meet up for drinks after work.', '2023-02-20', 40, 9),
(2451, 'I hope you are having a great day!', '2023-06-10', 40, 9),
(2452, 'How was your meeting this morning?', '2023-09-22', 9, 40),
(2453, 'Do you want to join my book club?', '2023-06-06', 40, 9),
(2475, 'I am excited about our upcoming trip!', '2024-02-13', 9, 45),
(2476, 'I just finished reading a fantastic book!', '2023-10-22', 9, 45),
(2480, 'Did you hear about the new exhibition at the museum?', '2023-09-29', 9, 46),
(2490, 'Hello, how are you?', '2023-09-20', 48, 9),
(2495, 'What are your plans for the weekend?', '2024-03-03', 9, 49),
(2496, 'Have you ever been to that concert venue?', '2023-11-22', 49, 9),
(2497, 'Lets grab lunch together tomorrow.', '2024-03-28', 9, 49),
(2498, 'Lets organize a barbecue this weekend.', '2023-02-26', 49, 9),
(2499, 'I am thinking of redecorating my living room.', '2023-06-14', 49, 9),
(2555, 'Hello, how are you?', '2023-03-17', 10, 11),
(2575, 'Did you watch the game last night?', '2024-03-10', 10, 15),
(2580, 'I am thinking of redecorating my living room.', '2023-07-13', 10, 16),
(2581, 'I am craving pizza tonight!', '2023-05-30', 16, 10),
(2582, 'Lets plan a movie night soon.', '2023-09-22', 16, 10),
(2590, 'I just finished reading a fantastic book!', '2024-03-24', 10, 18),
(2591, 'Im in the mood for sushi tonight.', '2023-06-06', 10, 18),
(2592, 'What time are you finishing work today?', '2023-10-20', 18, 10),
(2593, 'Remember to pick up some milk on your way home.', '2023-11-17', 18, 10),
(2595, 'I heard it is going to rain tomorrow.', '2023-11-16', 10, 19),
(2596, 'Do you want to join my book club?', '2023-05-01', 19, 10),
(2597, 'I heard it is going to rain tomorrow.', '2023-09-28', 10, 19),
(2598, 'What are your plans for the weekend?', '2023-03-31', 10, 19),
(2605, 'What are your plans for the weekend?', '2023-03-17', 21, 10),
(2606, 'Lets organize a barbecue this weekend.', '2023-02-15', 10, 21),
(2607, 'Did you watch the game last night?', '2024-01-29', 10, 21),
(2608, 'What is your favorite movie genre?', '2024-03-13', 10, 21),
(2609, 'I just finished reading a fantastic book!', '2023-08-17', 10, 21),
(2615, 'What is your favorite movie genre?', '2023-11-02', 10, 23),
(2616, 'Did you watch the game last night?', '2023-05-23', 23, 10),
(2620, 'Did you hear about the new exhibition at the museum?', '2023-09-13', 24, 10),
(2621, 'Have you tried that new restaurant downtown?', '2023-08-04', 24, 10),
(2625, 'Im thinking of starting a new hobby.', '2024-03-21', 25, 10),
(2635, 'Have you ever been to that concert venue?', '2023-07-27', 27, 10),
(2636, 'I heard it is going to rain tomorrow.', '2023-12-09', 10, 27),
(2637, 'Did you watch the game last night?', '2023-01-09', 27, 10),
(2638, 'Im thinking of starting a new hobby.', '2023-05-27', 10, 27),
(2645, 'Lets meet up for drinks after work.', '2024-02-23', 29, 10),
(2646, 'I cant believe it is already Thursday.', '2023-10-16', 10, 29),
(2647, 'Whats your favorite type of music?', '2023-12-07', 29, 10),
(2648, 'I hope you are having a great day!', '2023-11-08', 29, 10),
(2649, 'Im looking forward to the weekend!', '2023-01-24', 10, 29),
(2650, 'What time are you finishing work today?', '2023-12-29', 30, 10),
(2651, 'Im so tired, I need a vacation!', '2024-03-11', 30, 10),
(2655, 'Lets grab lunch together tomorrow.', '2023-08-22', 10, 31),
(2656, 'Im in the mood for sushi tonight.', '2023-10-11', 10, 31),
(2657, 'Lets meet up for drinks after work.', '2023-11-13', 10, 31),
(2658, 'I just finished reading a fantastic book!', '2023-05-26', 31, 10),
(2659, 'I am thinking of redecorating my living room.', '2023-06-30', 10, 31),
(2690, 'I am craving pizza tonight!', '2023-07-04', 10, 38),
(2691, 'Did you hear about the new exhibition at the museum?', '2023-04-21', 38, 10),
(2692, 'I am thinking of redecorating my living room.', '2023-06-06', 38, 10),
(2693, 'Do you want to join my book club?', '2024-05-23', 10, 38),
(2695, 'Im looking forward to the weekend!', '2023-10-09', 39, 10),
(2696, 'How was your meeting this morning?', '2023-09-07', 10, 39),
(2697, 'I heard it is going to rain tomorrow.', '2024-03-10', 10, 39),
(2698, 'I cant believe it is already Thursday.', '2023-05-27', 39, 10),
(2699, 'I just finished reading a fantastic book!', '2023-01-01', 10, 39),
(2735, 'Have you ever been to that concert venue?', '2023-11-30', 10, 47),
(2736, 'Lets go for a hike this weekend.', '2024-01-26', 10, 47),
(2745, 'Whats your favorite type of music?', '2023-09-06', 49, 10),
(2746, 'Lets go for a hike this weekend.', '2024-03-23', 10, 49),
(2747, 'I am craving pizza tonight!', '2023-08-02', 49, 10),
(2748, 'Have you tried that new restaurant downtown?', '2024-04-21', 49, 10),
(2749, 'Have you ever been to that concert venue?', '2023-10-18', 49, 10),
(2810, 'Im in the mood for sushi tonight.', '2023-06-12', 11, 12),
(2820, 'Im looking forward to the weekend!', '2023-10-27', 14, 11),
(2825, 'Remember to pick up some milk on your way home.', '2023-10-15', 11, 15),
(2835, 'I hope you are having a great day!', '2023-09-18', 11, 17),
(2836, 'Lets grab lunch together tomorrow.', '2023-03-31', 17, 11),
(2837, 'Im in the mood for sushi tonight.', '2023-07-11', 11, 17),
(2838, 'I cant believe it is already Thursday.', '2024-04-29', 11, 17),
(2839, 'I am craving pizza tonight!', '2023-12-28', 17, 11),
(2840, 'Im so tired, I need a vacation!', '2023-12-24', 18, 11),
(2841, 'I hope you are having a great day!', '2024-02-08', 18, 11),
(2850, 'Have you tried that new restaurant downtown?', '2023-08-04', 11, 20),
(2851, 'I heard it is going to rain tomorrow.', '2023-06-15', 11, 20),
(2860, 'Lets meet up for drinks after work.', '2024-03-24', 11, 22),
(2861, 'Im thinking of starting a new hobby.', '2024-04-10', 22, 11),
(2865, 'Hello, how are you?', '2024-02-16', 11, 23),
(2885, 'Have you ever been to that concert venue?', '2024-05-25', 11, 27),
(2890, 'Lets plan a movie night soon.', '2023-11-17', 11, 28),
(2895, 'Lets meet up for drinks after work.', '2023-04-08', 29, 11),
(2896, 'I am craving pizza tonight!', '2023-08-30', 29, 11),
(2897, 'Im in the mood for sushi tonight.', '2023-10-25', 11, 29),
(2898, 'How was your meeting this morning?', '2024-05-02', 11, 29),
(2900, 'How was your meeting this morning?', '2024-04-03', 30, 11),
(2901, 'Lets plan a movie night soon.', '2023-05-17', 11, 30),
(2902, 'I am excited about our upcoming trip!', '2023-08-03', 11, 30),
(2905, 'What are your plans for the weekend?', '2023-01-03', 31, 11),
(2906, 'Have you tried that new restaurant downtown?', '2024-04-08', 11, 31),
(2907, 'How was your meeting this morning?', '2023-12-24', 11, 31),
(2908, 'Have you seen the latest episode of that TV show?', '2023-04-07', 11, 31),
(2909, 'Im in the mood for sushi tonight.', '2023-01-28', 31, 11),
(2910, 'Lets organize a barbecue this weekend.', '2024-04-08', 32, 11),
(2911, 'I am excited about our upcoming trip!', '2023-05-06', 32, 11),
(2912, 'Im in the mood for sushi tonight.', '2024-03-08', 32, 11),
(2915, 'I cant believe it is already Thursday.', '2023-06-04', 11, 33),
(2916, 'Lets meet up for drinks after work.', '2023-04-30', 11, 33),
(2917, 'How was your meeting this morning?', '2023-05-01', 11, 33),
(2918, 'Did you hear about the new exhibition at the museum?', '2023-01-20', 33, 11),
(2920, 'I heard it is going to rain tomorrow.', '2023-01-03', 11, 34),
(2921, 'Have you tried that new restaurant downtown?', '2023-06-10', 11, 34),
(2922, 'Whats your favorite type of music?', '2024-05-19', 11, 34),
(2923, 'What time are you finishing work today?', '2023-01-16', 11, 34),
(2940, 'I hope you are having a great day!', '2023-12-18', 38, 11),
(2941, 'Have you seen the latest episode of that TV show?', '2023-10-12', 11, 38),
(2950, 'Lets grab lunch together tomorrow.', '2023-12-04', 11, 40),
(2951, 'I just finished reading a fantastic book!', '2023-06-30', 40, 11),
(2952, 'What time are you finishing work today?', '2023-12-14', 40, 11),
(2955, 'Lets grab lunch together tomorrow.', '2024-04-17', 41, 11),
(2956, 'What is your favorite movie genre?', '2023-01-26', 41, 11),
(2980, 'I am excited about our upcoming trip!', '2024-03-26', 11, 46),
(2981, 'Lets go for a hike this weekend.', '2023-01-19', 46, 11),
(2982, 'What is your favorite movie genre?', '2023-09-28', 46, 11),
(2983, 'Im looking forward to the weekend!', '2023-12-19', 46, 11),
(2984, 'Lets plan a movie night soon.', '2023-12-27', 11, 46),
(2985, 'Hello, how are you?', '2023-07-19', 47, 11),
(2986, 'Have you tried that new restaurant downtown?', '2024-04-09', 11, 47),
(2987, 'What are your plans for the weekend?', '2023-12-03', 11, 47),
(2990, 'Did you watch the game last night?', '2023-06-18', 48, 11),
(2991, 'Have you tried that new restaurant downtown?', '2023-03-18', 48, 11),
(3065, 'I cant believe it is already Thursday.', '2023-12-12', 12, 13),
(3066, 'I am craving pizza tonight!', '2023-02-22', 12, 13),
(3067, 'Lets organize a barbecue this weekend.', '2023-06-11', 13, 12),
(3080, 'Im thinking of starting a new hobby.', '2023-06-12', 16, 12),
(3081, 'Im looking forward to the weekend!', '2023-10-14', 12, 16),
(3090, 'I am thinking of redecorating my living room.', '2023-07-28', 12, 18),
(3091, 'Have you tried that new restaurant downtown?', '2023-12-29', 18, 12),
(3092, 'Are you free for a coffee this afternoon?', '2023-09-02', 18, 12),
(3093, 'I heard it is going to rain tomorrow.', '2023-05-09', 12, 18),
(3100, 'Did you hear about the new exhibition at the museum?', '2024-04-27', 12, 20),
(3101, 'Have you tried that new restaurant downtown?', '2023-06-30', 20, 12),
(3102, 'I am thinking of redecorating my living room.', '2023-01-12', 12, 20),
(3103, 'I hope you are having a great day!', '2023-12-25', 12, 20),
(3104, 'I am craving pizza tonight!', '2023-06-14', 20, 12),
(3110, 'Lets grab lunch together tomorrow.', '2023-07-21', 12, 22),
(3111, 'I am excited about our upcoming trip!', '2023-07-15', 12, 22),
(3112, 'I am thinking of redecorating my living room.', '2023-02-27', 22, 12),
(3113, 'What is your favorite movie genre?', '2023-11-19', 12, 22),
(3114, 'Did you watch the game last night?', '2023-10-19', 12, 22),
(3115, 'Have you seen the latest episode of that TV show?', '2023-08-13', 23, 12),
(3116, 'Did you hear about the new exhibition at the museum?', '2023-06-06', 12, 23),
(3117, 'What is your favorite movie genre?', '2024-03-21', 23, 12),
(3118, 'Have you tried that new restaurant downtown?', '2023-01-22', 12, 23),
(3119, 'Lets plan a movie night soon.', '2023-03-08', 23, 12),
(3120, 'What are your plans for the weekend?', '2023-09-27', 24, 12),
(3121, 'Have you tried that new restaurant downtown?', '2024-01-27', 24, 12),
(3130, 'Dont forget to call your mom on her birthday.', '2023-02-19', 12, 26),
(3131, 'I cant believe it is already Thursday.', '2024-03-20', 12, 26),
(3132, 'Remember to pick up some milk on your way home.', '2023-05-10', 26, 12),
(3135, 'Whats your favorite type of music?', '2023-08-18', 12, 27),
(3136, 'What is your favorite movie genre?', '2023-06-18', 12, 27),
(3137, 'Lets plan a movie night soon.', '2023-01-23', 27, 12),
(3138, 'I heard it is going to rain tomorrow.', '2023-04-20', 27, 12),
(3139, 'Are you free for a coffee this afternoon?', '2023-01-03', 12, 27),
(3150, 'I just finished reading a fantastic book!', '2023-04-18', 30, 12),
(3151, 'Hello, how are you?', '2023-05-23', 30, 12),
(3152, 'Im looking forward to the weekend!', '2023-05-25', 12, 30),
(3153, 'Do you want to join my book club?', '2023-05-18', 12, 30),
(3154, 'Remember to pick up some milk on your way home.', '2023-06-05', 30, 12),
(3160, 'Have you seen the latest episode of that TV show?', '2023-03-12', 12, 32),
(3161, 'Im thinking of starting a new hobby.', '2024-05-27', 12, 32),
(3162, 'Have you seen the latest episode of that TV show?', '2023-07-04', 12, 32),
(3163, 'Remember to pick up some milk on your way home.', '2024-03-12', 32, 12),
(3164, 'Im looking forward to the weekend!', '2024-05-16', 32, 12),
(3165, 'I just finished reading a fantastic book!', '2023-06-29', 33, 12),
(3166, 'Im thinking of starting a new hobby.', '2023-10-11', 12, 33),
(3167, 'Do you want to join my book club?', '2023-06-05', 12, 33),
(3168, 'Im in the mood for sushi tonight.', '2023-12-12', 33, 12),
(3169, 'I just finished reading a fantastic book!', '2024-01-21', 12, 33),
(3190, 'Im in the mood for sushi tonight.', '2024-04-16', 12, 38),
(3200, 'What are your plans for the weekend?', '2023-01-24', 40, 12),
(3201, 'Remember to pick up some milk on your way home.', '2024-02-24', 12, 40),
(3202, 'Did you watch the game last night?', '2023-03-09', 40, 12),
(3203, 'I hope you are having a great day!', '2023-01-24', 12, 40),
(3204, 'Lets plan a movie night soon.', '2024-05-15', 40, 12),
(3205, 'Lets grab lunch together tomorrow.', '2024-05-08', 41, 12),
(3206, 'Did you hear about the new exhibition at the museum?', '2023-05-17', 12, 41),
(3207, 'I am thinking of redecorating my living room.', '2023-06-01', 41, 12),
(3208, 'Lets go for a hike this weekend.', '2023-08-23', 41, 12),
(3215, 'What time are you finishing work today?', '2023-07-02', 43, 12),
(3216, 'Lets meet up for drinks after work.', '2023-10-23', 43, 12),
(3217, 'I cant believe it is already Thursday.', '2023-07-23', 43, 12),
(3218, 'Lets go for a hike this weekend.', '2023-05-02', 43, 12),
(3219, 'I am excited about our upcoming trip!', '2023-12-02', 12, 43),
(3220, 'Have you ever been to that concert venue?', '2023-12-14', 12, 44),
(3221, 'Lets organize a barbecue this weekend.', '2023-09-01', 44, 12),
(3240, 'How was your meeting this morning?', '2023-01-19', 48, 12),
(3325, 'Lets meet up for drinks after work.', '2023-11-03', 13, 15),
(3326, 'Have you ever been to that concert venue?', '2024-02-21', 15, 13),
(3340, 'Lets grab lunch together tomorrow.', '2023-09-21', 18, 13),
(3341, 'Remember to pick up some milk on your way home.', '2023-01-01', 13, 18),
(3342, 'Im thinking of starting a new hobby.', '2024-04-21', 18, 13),
(3343, 'Do you want to join my book club?', '2024-02-29', 13, 18),
(3344, 'What are your plans for the weekend?', '2023-10-10', 13, 18),
(3360, 'Remember to pick up some milk on your way home.', '2023-10-12', 13, 22),
(3361, 'What is your favorite movie genre?', '2023-09-23', 13, 22),
(3362, 'Are you free for a coffee this afternoon?', '2023-12-27', 13, 22),
(3363, 'How was your meeting this morning?', '2024-04-29', 13, 22),
(3364, 'What are your plans for the weekend?', '2024-04-05', 22, 13),
(3375, 'Remember to pick up some milk on your way home.', '2023-12-06', 25, 13),
(3376, 'Lets meet up for drinks after work.', '2023-07-15', 25, 13),
(3377, 'Did you watch the game last night?', '2024-04-13', 13, 25),
(3378, 'Did you watch the game last night?', '2023-05-01', 13, 25),
(3390, 'I hope you are having a great day!', '2024-05-07', 28, 13),
(3391, 'Dont forget to call your mom on her birthday.', '2024-05-02', 13, 28),
(3392, 'Whats your favorite type of music?', '2023-10-28', 28, 13),
(3400, 'Did you watch the game last night?', '2024-03-12', 30, 13),
(3401, 'I just finished reading a fantastic book!', '2023-07-28', 13, 30),
(3402, 'I heard it is going to rain tomorrow.', '2023-05-11', 13, 30),
(3410, 'Do you want to join my book club?', '2023-02-08', 32, 13),
(3411, 'Have you seen the latest episode of that TV show?', '2023-12-30', 13, 32),
(3415, 'I am thinking of redecorating my living room.', '2023-07-15', 13, 33),
(3416, 'Have you seen the latest episode of that TV show?', '2023-01-20', 13, 33),
(3417, 'Do you want to join my book club?', '2023-08-13', 13, 33),
(3418, 'Im so tired, I need a vacation!', '2024-03-20', 13, 33),
(3420, 'Whats your favorite type of music?', '2024-01-23', 13, 34),
(3421, 'I cant believe it is already Thursday.', '2023-05-31', 34, 13),
(3430, 'I am thinking of redecorating my living room.', '2023-02-13', 36, 13),
(3431, 'Im in the mood for sushi tonight.', '2023-05-19', 36, 13),
(3432, 'I hope you are having a great day!', '2024-05-26', 36, 13),
(3445, 'Did you watch the game last night?', '2023-03-05', 39, 13),
(3455, 'Did you watch the game last night?', '2023-08-31', 13, 41),
(3456, 'Did you watch the game last night?', '2023-05-15', 41, 13),
(3460, 'I cant believe it is already Thursday.', '2023-11-01', 13, 42),
(3461, 'Have you seen the latest episode of that TV show?', '2024-05-08', 13, 42),
(3465, 'Have you ever been to that concert venue?', '2023-05-11', 13, 43),
(3466, 'I am thinking of redecorating my living room.', '2023-01-07', 43, 13),
(3467, 'What time are you finishing work today?', '2024-05-25', 13, 43),
(3468, 'Lets grab lunch together tomorrow.', '2023-10-03', 43, 13),
(3469, 'I hope you are having a great day!', '2024-02-19', 13, 43),
(3470, 'I am craving pizza tonight!', '2023-07-02', 13, 44),
(3471, 'Lets organize a barbecue this weekend.', '2024-02-25', 13, 44),
(3472, 'Im so tired, I need a vacation!', '2023-09-26', 44, 13),
(3473, 'Whats your favorite type of music?', '2023-06-05', 44, 13),
(3475, 'Im in the mood for sushi tonight.', '2023-04-25', 45, 13),
(3476, 'Have you tried that new restaurant downtown?', '2024-02-04', 13, 45),
(3477, 'Remember to pick up some milk on your way home.', '2024-04-11', 13, 45),
(3478, 'What are your plans for the weekend?', '2023-03-07', 45, 13),
(3485, 'What time are you finishing work today?', '2023-11-20', 13, 47),
(3490, 'Im thinking of starting a new hobby.', '2023-05-27', 48, 13),
(3491, 'What are your plans for the weekend?', '2023-02-21', 48, 13),
(3500, 'Im so tired, I need a vacation!', '2023-05-28', 13, 50),
(3501, 'Have you ever been to that concert venue?', '2024-01-30', 13, 50),
(3502, 'Are you free for a coffee this afternoon?', '2023-09-07', 50, 13),
(3503, 'Lets grab lunch together tomorrow.', '2023-05-24', 13, 50),
(3504, 'I am craving pizza tonight!', '2023-10-30', 50, 13),
(3580, 'What time are you finishing work today?', '2023-03-26', 16, 14),
(3581, 'Have you seen the latest episode of that TV show?', '2023-03-20', 14, 16),
(3585, 'I am craving pizza tonight!', '2023-06-22', 17, 14),
(3586, 'I am excited about our upcoming trip!', '2023-11-18', 14, 17),
(3590, 'Hello, how are you?', '2023-12-04', 14, 18),
(3591, 'I heard it is going to rain tomorrow.', '2024-05-11', 14, 18),
(3592, 'Im in the mood for sushi tonight.', '2023-11-16', 18, 14),
(3600, 'I just finished reading a fantastic book!', '2023-03-09', 20, 14),
(3605, 'Did you hear about the new exhibition at the museum?', '2023-02-19', 21, 14),
(3606, 'I hope you are having a great day!', '2023-07-06', 21, 14),
(3607, 'I hope you are having a great day!', '2024-04-25', 21, 14),
(3608, 'Lets go for a hike this weekend.', '2023-03-20', 14, 21),
(3609, 'I am craving pizza tonight!', '2024-05-27', 14, 21),
(3620, 'I cant believe it is already Thursday.', '2023-08-01', 14, 24),
(3621, 'Dont forget to call your mom on her birthday.', '2023-07-08', 14, 24),
(3622, 'Im looking forward to the weekend!', '2023-10-01', 14, 24),
(3623, 'I am thinking of redecorating my living room.', '2023-11-09', 14, 24),
(3630, 'Im in the mood for sushi tonight.', '2024-03-25', 26, 14),
(3631, 'I cant believe it is already Thursday.', '2024-03-03', 14, 26),
(3632, 'I just finished reading a fantastic book!', '2024-04-21', 26, 14),
(3635, 'How was your meeting this morning?', '2024-01-08', 27, 14),
(3636, 'I am craving pizza tonight!', '2023-06-14', 14, 27),
(3640, 'Im so tired, I need a vacation!', '2023-05-25', 28, 14),
(3645, 'Im thinking of starting a new hobby.', '2024-03-04', 14, 29),
(3646, 'Dont forget to call your mom on her birthday.', '2023-09-26', 29, 14),
(3650, 'Do you want to join my book club?', '2023-07-03', 14, 30),
(3675, 'I heard it is going to rain tomorrow.', '2023-06-30', 35, 14),
(3676, 'Lets plan a movie night soon.', '2023-09-10', 35, 14),
(3680, 'What are your plans for the weekend?', '2023-09-24', 36, 14),
(3690, 'I heard it is going to rain tomorrow.', '2024-01-18', 14, 38),
(3691, 'Im so tired, I need a vacation!', '2023-09-13', 14, 38),
(3695, 'Im looking forward to the weekend!', '2023-08-25', 14, 39),
(3696, 'I heard it is going to rain tomorrow.', '2024-03-02', 14, 39),
(3697, 'I am thinking of redecorating my living room.', '2023-08-20', 14, 39),
(3698, 'Did you hear about the new exhibition at the museum?', '2023-02-04', 39, 14),
(3699, 'Are you free for a coffee this afternoon?', '2024-01-24', 39, 14),
(3705, 'Are you free for a coffee this afternoon?', '2023-03-28', 41, 14),
(3706, 'I am craving pizza tonight!', '2023-10-17', 14, 41),
(3745, 'I am craving pizza tonight!', '2023-10-03', 14, 49),
(3835, 'Lets plan a movie night soon.', '2023-11-09', 15, 17),
(3840, 'Have you tried that new restaurant downtown?', '2024-01-28', 15, 18),
(3841, 'Hello, how are you?', '2023-12-28', 18, 15),
(3842, 'What are your plans for the weekend?', '2024-01-24', 15, 18),
(3850, 'What are your plans for the weekend?', '2024-01-27', 20, 15),
(3851, 'Im thinking of starting a new hobby.', '2023-12-07', 20, 15),
(3852, 'I just finished reading a fantastic book!', '2023-08-04', 20, 15),
(3855, 'I just finished reading a fantastic book!', '2023-11-19', 15, 21),
(3856, 'I am thinking of redecorating my living room.', '2024-03-26', 21, 15),
(3857, 'I am excited about our upcoming trip!', '2023-10-04', 21, 15),
(3858, 'Did you watch the game last night?', '2023-12-07', 21, 15),
(3859, 'I am thinking of redecorating my living room.', '2024-03-16', 21, 15),
(3870, 'Lets plan a movie night soon.', '2023-10-11', 15, 24),
(3871, 'Do you want to join my book club?', '2023-10-26', 15, 24),
(3872, 'What time are you finishing work today?', '2023-01-04', 24, 15),
(3873, 'I hope you are having a great day!', '2023-05-03', 24, 15),
(3874, 'Have you ever been to that concert venue?', '2023-04-16', 15, 24),
(3875, 'Lets meet up for drinks after work.', '2024-01-03', 15, 25),
(3876, 'Are you free for a coffee this afternoon?', '2023-05-18', 15, 25),
(3890, 'Have you ever been to that concert venue?', '2024-02-06', 28, 15),
(3891, 'I cant believe it is already Thursday.', '2023-08-31', 28, 15),
(3892, 'I just finished reading a fantastic book!', '2023-11-18', 15, 28),
(3895, 'What is your favorite movie genre?', '2023-12-27', 15, 29),
(3896, 'Do you want to join my book club?', '2024-05-25', 29, 15),
(3897, 'Im looking forward to the weekend!', '2023-05-18', 29, 15),
(3898, 'What are your plans for the weekend?', '2023-07-22', 29, 15),
(3899, 'Lets meet up for drinks after work.', '2023-06-23', 15, 29),
(3910, 'What is your favorite movie genre?', '2024-05-21', 32, 15),
(3925, 'I am thinking of redecorating my living room.', '2023-12-28', 15, 35),
(3926, 'Im so tired, I need a vacation!', '2023-08-27', 15, 35),
(3927, 'Dont forget to call your mom on her birthday.', '2024-01-03', 15, 35),
(3928, 'What time are you finishing work today?', '2023-04-13', 35, 15),
(3929, 'Hello, how are you?', '2024-02-10', 35, 15),
(3930, 'What is your favorite movie genre?', '2023-08-17', 15, 36),
(3935, 'Do you want to join my book club?', '2023-10-16', 37, 15),
(3936, 'Have you seen the latest episode of that TV show?', '2023-12-14', 15, 37),
(3940, 'Remember to pick up some milk on your way home.', '2023-11-18', 15, 38),
(3955, 'Whats your favorite type of music?', '2024-01-16', 41, 15),
(3960, 'Im in the mood for sushi tonight.', '2024-01-21', 15, 42),
(3961, 'Im thinking of starting a new hobby.', '2023-04-24', 15, 42),
(3965, 'I cant believe it is already Thursday.', '2023-09-10', 43, 15),
(3966, 'Im in the mood for sushi tonight.', '2023-06-01', 43, 15),
(3967, 'Did you hear about the new exhibition at the museum?', '2023-08-14', 15, 43),
(3985, 'I cant believe it is already Thursday.', '2023-11-04', 47, 15),
(3986, 'I just finished reading a fantastic book!', '2023-11-29', 47, 15),
(3987, 'How was your meeting this morning?', '2023-02-21', 47, 15),
(3988, 'Did you watch the game last night?', '2023-03-23', 47, 15),
(4000, 'Dont forget to call your mom on her birthday.', '2023-09-20', 15, 50),
(4001, 'Im so tired, I need a vacation!', '2023-11-05', 15, 50),
(4002, 'Whats your favorite type of music?', '2024-04-20', 15, 50),
(4085, 'What time are you finishing work today?', '2023-01-24', 16, 17),
(4086, 'Have you ever been to that concert venue?', '2023-12-12', 17, 16),
(4090, 'Did you hear about the new exhibition at the museum?', '2023-12-03', 18, 16),
(4091, 'Im so tired, I need a vacation!', '2024-05-15', 16, 18),
(4092, 'Have you seen the latest episode of that TV show?', '2023-06-01', 16, 18),
(4093, 'What time are you finishing work today?', '2023-07-08', 18, 16),
(4094, 'Im so tired, I need a vacation!', '2024-01-11', 16, 18),
(4095, 'Have you seen the latest episode of that TV show?', '2023-01-30', 16, 19),
(4140, 'Remember to pick up some milk on your way home.', '2023-08-06', 16, 28),
(4145, 'Hello, how are you?', '2023-07-31', 16, 29),
(4146, 'Lets meet up for drinks after work.', '2024-01-24', 29, 16),
(4147, 'I hope you are having a great day!', '2024-01-10', 29, 16),
(4150, 'Did you watch the game last night?', '2024-05-18', 30, 16),
(4180, 'Do you want to join my book club?', '2023-09-29', 16, 36),
(4181, 'Dont forget to call your mom on her birthday.', '2023-11-18', 36, 16),
(4182, 'Hello, how are you?', '2023-02-01', 36, 16),
(4183, 'I hope you are having a great day!', '2024-01-09', 36, 16),
(4185, 'Im so tired, I need a vacation!', '2023-03-30', 37, 16),
(4186, 'I cant believe it is already Thursday.', '2023-06-22', 37, 16),
(4187, 'Hello, how are you?', '2023-04-17', 16, 37),
(4188, 'Have you tried that new restaurant downtown?', '2024-05-17', 37, 16),
(4195, 'Im so tired, I need a vacation!', '2023-08-29', 39, 16),
(4196, 'Lets organize a barbecue this weekend.', '2023-04-15', 16, 39),
(4210, 'I am craving pizza tonight!', '2023-05-29', 42, 16),
(4211, 'What is your favorite movie genre?', '2023-10-02', 16, 42),
(4212, 'I am excited about our upcoming trip!', '2023-08-25', 16, 42),
(4220, 'Do you want to join my book club?', '2023-01-22', 44, 16),
(4221, 'Dont forget to call your mom on her birthday.', '2023-01-24', 44, 16),
(4230, 'Im so tired, I need a vacation!', '2024-02-26', 46, 16),
(4231, 'I am craving pizza tonight!', '2023-06-24', 46, 16),
(4232, 'Im looking forward to the weekend!', '2023-12-22', 16, 46),
(4233, 'I heard it is going to rain tomorrow.', '2023-01-17', 16, 46),
(4234, 'Lets grab lunch together tomorrow.', '2023-01-28', 16, 46),
(4245, 'Lets organize a barbecue this weekend.', '2023-02-23', 16, 49),
(4246, 'Did you watch the game last night?', '2024-01-20', 49, 16),
(4247, 'Im looking forward to the weekend!', '2023-07-17', 16, 49),
(4345, 'I am excited about our upcoming trip!', '2023-06-15', 19, 17),
(4346, 'What time are you finishing work today?', '2023-03-29', 17, 19),
(4347, 'Have you tried that new restaurant downtown?', '2024-03-26', 19, 17),
(4348, 'Have you ever been to that concert venue?', '2023-01-29', 17, 19),
(4350, 'Im in the mood for sushi tonight.', '2024-02-18', 20, 17),
(4351, 'Did you hear about the new exhibition at the museum?', '2023-07-12', 20, 17),
(4355, 'I heard it is going to rain tomorrow.', '2023-09-12', 21, 17),
(4356, 'What is your favorite movie genre?', '2023-02-15', 21, 17),
(4357, 'Im thinking of starting a new hobby.', '2023-12-01', 17, 21),
(4358, 'Lets go for a hike this weekend.', '2024-03-17', 17, 21),
(4360, 'Do you want to join my book club?', '2024-04-27', 22, 17),
(4361, 'I just finished reading a fantastic book!', '2024-05-06', 17, 22),
(4365, 'Have you seen the latest episode of that TV show?', '2023-10-12', 17, 23),
(4366, 'I heard it is going to rain tomorrow.', '2023-11-10', 17, 23),
(4367, 'Are you free for a coffee this afternoon?', '2024-03-24', 17, 23),
(4368, 'Im looking forward to the weekend!', '2023-01-07', 23, 17),
(4375, 'I cant believe it is already Thursday.', '2023-03-10', 17, 25),
(4376, 'I am excited about our upcoming trip!', '2023-06-18', 25, 17),
(4377, 'How was your meeting this morning?', '2024-04-06', 17, 25),
(4380, 'I am thinking of redecorating my living room.', '2024-02-05', 26, 17),
(4390, 'Do you want to join my book club?', '2023-05-20', 17, 28),
(4391, 'I heard it is going to rain tomorrow.', '2023-05-07', 28, 17),
(4400, 'Lets grab lunch together tomorrow.', '2024-02-12', 30, 17),
(4410, 'Im looking forward to the weekend!', '2023-11-22', 17, 32),
(4411, 'What time are you finishing work today?', '2023-11-05', 17, 32),
(4412, 'Lets go for a hike this weekend.', '2024-02-26', 17, 32),
(4413, 'I am craving pizza tonight!', '2024-05-14', 17, 32),
(4415, 'Im looking forward to the weekend!', '2024-04-14', 17, 33),
(4420, 'Have you seen the latest episode of that TV show?', '2023-02-11', 17, 34),
(4421, 'Hello, how are you?', '2023-08-09', 17, 34),
(4425, 'Hello, how are you?', '2024-01-03', 17, 35),
(4426, 'Did you watch the game last night?', '2023-11-01', 35, 17),
(4430, 'What are your plans for the weekend?', '2023-05-06', 17, 36),
(4431, 'What is your favorite movie genre?', '2023-07-11', 17, 36),
(4432, 'What is your favorite movie genre?', '2023-10-07', 36, 17),
(4433, 'I am thinking of redecorating my living room.', '2023-10-02', 36, 17),
(4435, 'Remember to pick up some milk on your way home.', '2024-01-30', 17, 37),
(4436, 'Lets plan a movie night soon.', '2024-02-27', 37, 17),
(4437, 'Did you watch the game last night?', '2024-05-08', 17, 37),
(4438, 'Do you want to join my book club?', '2024-02-26', 17, 37),
(4450, 'What are your plans for the weekend?', '2023-07-19', 40, 17),
(4451, 'What is your favorite movie genre?', '2024-04-28', 17, 40),
(4452, 'I hope you are having a great day!', '2024-04-28', 40, 17),
(4453, 'Whats your favorite type of music?', '2024-01-24', 40, 17),
(4460, 'Remember to pick up some milk on your way home.', '2024-01-19', 42, 17),
(4461, 'Have you tried that new restaurant downtown?', '2024-04-03', 17, 42),
(4465, 'Did you hear about the new exhibition at the museum?', '2023-06-17', 17, 43),
(4466, 'Im so tired, I need a vacation!', '2023-01-31', 17, 43),
(4470, 'I hope you are having a great day!', '2023-11-05', 17, 44),
(4480, 'Dont forget to call your mom on her birthday.', '2023-12-19', 17, 46),
(4481, 'I just finished reading a fantastic book!', '2024-05-10', 17, 46),
(4482, 'Have you tried that new restaurant downtown?', '2023-11-18', 46, 17),
(4483, 'How was your meeting this morning?', '2023-10-10', 17, 46),
(4485, 'Im thinking of starting a new hobby.', '2024-03-16', 47, 17),
(4486, 'Have you tried that new restaurant downtown?', '2023-07-28', 17, 47),
(4487, 'I hope you are having a great day!', '2023-08-01', 47, 17),
(4490, 'I heard it is going to rain tomorrow.', '2023-08-14', 17, 48),
(4491, 'Im thinking of starting a new hobby.', '2024-03-30', 17, 48),
(4492, 'I heard it is going to rain tomorrow.', '2023-10-05', 48, 17),
(4493, 'Im so tired, I need a vacation!', '2023-08-04', 17, 48),
(4595, 'I hope you are having a great day!', '2023-09-06', 18, 19),
(4596, 'Lets grab lunch together tomorrow.', '2023-10-02', 19, 18),
(4597, 'How was your meeting this morning?', '2023-04-25', 18, 19),
(4600, 'I cant believe it is already Thursday.', '2023-04-24', 20, 18),
(4601, 'Did you hear about the new exhibition at the museum?', '2023-01-29', 20, 18),
(4602, 'I hope you are having a great day!', '2023-11-25', 18, 20),
(4603, 'Have you ever been to that concert venue?', '2023-07-22', 18, 20),
(4604, 'Have you ever been to that concert venue?', '2023-03-06', 18, 20),
(4610, 'Have you seen the latest episode of that TV show?', '2023-01-12', 18, 22),
(4611, 'I am thinking of redecorating my living room.', '2023-09-28', 22, 18),
(4612, 'Did you hear about the new exhibition at the museum?', '2023-09-21', 18, 22),
(4613, 'I am excited about our upcoming trip!', '2024-01-19', 22, 18),
(4615, 'Do you want to join my book club?', '2024-02-22', 18, 23),
(4616, 'Are you free for a coffee this afternoon?', '2023-08-29', 18, 23),
(4617, 'Did you watch the game last night?', '2023-02-11', 23, 18),
(4630, 'Im so tired, I need a vacation!', '2023-06-17', 18, 26),
(4635, 'I am thinking of redecorating my living room.', '2023-06-25', 18, 27),
(4636, 'I just finished reading a fantastic book!', '2023-04-02', 18, 27),
(4637, 'Lets organize a barbecue this weekend.', '2023-04-20', 27, 18),
(4638, 'How was your meeting this morning?', '2023-02-24', 18, 27),
(4639, 'Im thinking of starting a new hobby.', '2024-05-26', 18, 27),
(4640, 'Im so tired, I need a vacation!', '2023-08-16', 18, 28),
(4641, 'Did you hear about the new exhibition at the museum?', '2024-04-09', 18, 28),
(4642, 'I heard it is going to rain tomorrow.', '2023-09-26', 18, 28),
(4643, 'I am thinking of redecorating my living room.', '2023-04-25', 28, 18),
(4644, 'Lets grab lunch together tomorrow.', '2023-07-29', 28, 18),
(4645, 'I just finished reading a fantastic book!', '2023-01-05', 18, 29),
(4646, 'I am thinking of redecorating my living room.', '2023-05-26', 29, 18),
(4650, 'Did you hear about the new exhibition at the museum?', '2023-01-26', 18, 30),
(4651, 'Lets meet up for drinks after work.', '2024-01-10', 18, 30),
(4652, 'Lets go for a hike this weekend.', '2023-09-10', 18, 30),
(4655, 'I heard it is going to rain tomorrow.', '2024-02-13', 18, 31),
(4656, 'How was your meeting this morning?', '2023-08-11', 18, 31),
(4660, 'Lets grab lunch together tomorrow.', '2023-12-14', 18, 32),
(4680, 'Lets plan a movie night soon.', '2023-12-13', 36, 18),
(4681, 'Have you seen the latest episode of that TV show?', '2023-02-06', 36, 18),
(4682, 'Lets grab lunch together tomorrow.', '2023-04-22', 18, 36),
(4683, 'I cant believe it is already Thursday.', '2024-02-22', 36, 18),
(4685, 'Im thinking of starting a new hobby.', '2023-09-22', 37, 18),
(4686, 'Im in the mood for sushi tonight.', '2023-09-15', 37, 18),
(4687, 'Whats your favorite type of music?', '2023-08-30', 18, 37),
(4688, 'I hope you are having a great day!', '2023-08-10', 18, 37),
(4690, 'Lets meet up for drinks after work.', '2023-10-28', 18, 38),
(4691, 'Whats your favorite type of music?', '2024-04-15', 18, 38),
(4692, 'Im looking forward to the weekend!', '2023-05-09', 38, 18),
(4693, 'I heard it is going to rain tomorrow.', '2024-04-21', 18, 38),
(4694, 'Lets organize a barbecue this weekend.', '2023-09-22', 18, 38),
(4700, 'I am thinking of redecorating my living room.', '2023-09-19', 40, 18),
(4701, 'Have you ever been to that concert venue?', '2023-01-25', 18, 40),
(4702, 'Whats your favorite type of music?', '2023-06-02', 18, 40),
(4710, 'What time are you finishing work today?', '2023-08-19', 42, 18),
(4720, 'Are you free for a coffee this afternoon?', '2023-07-12', 18, 44),
(4721, 'Did you hear about the new exhibition at the museum?', '2024-04-16', 44, 18),
(4722, 'Did you watch the game last night?', '2024-03-09', 18, 44),
(4723, 'Lets meet up for drinks after work.', '2023-03-29', 18, 44),
(4724, 'Hello, how are you?', '2023-10-14', 44, 18),
(4730, 'What time are you finishing work today?', '2024-03-12', 18, 46),
(4855, 'Lets grab lunch together tomorrow.', '2023-06-16', 21, 19),
(4856, 'What are your plans for the weekend?', '2023-09-04', 19, 21),
(4857, 'I am excited about our upcoming trip!', '2023-03-08', 19, 21),
(4858, 'What time are you finishing work today?', '2023-01-07', 21, 19),
(4885, 'Whats your favorite type of music?', '2023-01-19', 27, 19),
(4890, 'Whats your favorite type of music?', '2023-05-07', 19, 28),
(4891, 'Im so tired, I need a vacation!', '2023-11-28', 19, 28),
(4892, 'Do you want to join my book club?', '2023-02-13', 28, 19),
(4895, 'Lets go for a hike this weekend.', '2023-05-23', 29, 19),
(4896, 'Hello, how are you?', '2023-06-28', 19, 29),
(4897, 'Im in the mood for sushi tonight.', '2023-03-16', 19, 29),
(4898, 'What is your favorite movie genre?', '2023-11-25', 19, 29),
(4905, 'Lets meet up for drinks after work.', '2023-05-03', 19, 31),
(4906, 'Hello, how are you?', '2023-04-30', 31, 19),
(4907, 'Do you want to join my book club?', '2023-09-07', 31, 19),
(4908, 'What time are you finishing work today?', '2023-01-23', 19, 31),
(4909, 'How was your meeting this morning?', '2023-06-04', 19, 31),
(4910, 'I am craving pizza tonight!', '2023-11-05', 19, 32),
(4911, 'Do you want to join my book club?', '2024-02-07', 32, 19),
(4912, 'Im looking forward to the weekend!', '2023-09-17', 32, 19),
(4913, 'What is your favorite movie genre?', '2023-05-03', 19, 32),
(4914, 'Im looking forward to the weekend!', '2023-11-15', 19, 32),
(4915, 'I just finished reading a fantastic book!', '2023-02-27', 19, 33),
(4916, 'Im in the mood for sushi tonight.', '2024-01-29', 19, 33),
(4920, 'Have you seen the latest episode of that TV show?', '2023-03-12', 34, 19),
(4921, 'I just finished reading a fantastic book!', '2024-01-31', 34, 19),
(4930, 'I hope you are having a great day!', '2023-12-08', 36, 19),
(4931, 'Lets meet up for drinks after work.', '2023-10-01', 19, 36),
(4932, 'Im in the mood for sushi tonight.', '2023-12-10', 19, 36),
(4933, 'How was your meeting this morning?', '2023-08-10', 19, 36),
(4934, 'Lets go for a hike this weekend.', '2023-06-08', 36, 19),
(4950, 'Did you watch the game last night?', '2023-10-10', 40, 19),
(4951, 'Whats your favorite type of music?', '2023-12-25', 40, 19),
(4970, 'Hello, how are you?', '2023-05-28', 44, 19),
(4971, 'Im thinking of starting a new hobby.', '2023-12-05', 19, 44),
(4972, 'I am thinking of redecorating my living room.', '2023-08-02', 19, 44),
(4980, 'Remember to pick up some milk on your way home.', '2023-03-24', 19, 46),
(4981, 'I am craving pizza tonight!', '2024-04-24', 19, 46),
(4982, 'What time are you finishing work today?', '2023-05-18', 46, 19),
(4983, 'I am craving pizza tonight!', '2024-01-31', 19, 46),
(4985, 'Have you tried that new restaurant downtown?', '2023-05-29', 19, 47),
(4990, 'Lets organize a barbecue this weekend.', '2023-12-20', 19, 48),
(4995, 'I just finished reading a fantastic book!', '2023-03-08', 19, 49),
(4996, 'Are you free for a coffee this afternoon?', '2024-02-09', 19, 49),
(4997, 'Remember to pick up some milk on your way home.', '2023-04-10', 49, 19),
(5000, 'Lets plan a movie night soon.', '2023-12-27', 50, 19),
(5001, 'I just finished reading a fantastic book!', '2023-07-01', 50, 19),
(5002, 'Lets organize a barbecue this weekend.', '2023-03-23', 19, 50),
(5110, 'Lets meet up for drinks after work.', '2023-06-17', 20, 22),
(5111, 'Have you seen the latest episode of that TV show?', '2023-06-01', 22, 20),
(5115, 'I just finished reading a fantastic book!', '2023-03-19', 23, 20),
(5120, 'Lets grab lunch together tomorrow.', '2023-02-05', 24, 20),
(5145, 'I heard it is going to rain tomorrow.', '2024-03-13', 20, 29),
(5146, 'Lets plan a movie night soon.', '2023-01-26', 29, 20),
(5147, 'Do you want to join my book club?', '2023-05-09', 29, 20),
(5148, 'Lets meet up for drinks after work.', '2023-05-25', 20, 29),
(5155, 'Dont forget to call your mom on her birthday.', '2023-02-09', 31, 20),
(5156, 'Are you free for a coffee this afternoon?', '2023-02-16', 20, 31),
(5157, 'What is your favorite movie genre?', '2024-02-15', 31, 20),
(5165, 'How was your meeting this morning?', '2023-01-29', 20, 33),
(5166, 'What time are you finishing work today?', '2023-07-23', 33, 20),
(5167, 'Have you seen the latest episode of that TV show?', '2023-06-09', 33, 20),
(5175, 'Lets meet up for drinks after work.', '2023-02-28', 35, 20),
(5176, 'What is your favorite movie genre?', '2023-08-08', 35, 20),
(5177, 'Have you seen the latest episode of that TV show?', '2024-04-16', 20, 35),
(5185, 'I just finished reading a fantastic book!', '2023-03-18', 37, 20),
(5225, 'Did you watch the game last night?', '2024-05-16', 45, 20),
(5230, 'Do you want to join my book club?', '2023-01-16', 20, 46),
(5231, 'Lets organize a barbecue this weekend.', '2023-05-04', 46, 20),
(5232, 'Remember to pick up some milk on your way home.', '2023-08-27', 46, 20),
(5240, 'What is your favorite movie genre?', '2023-09-27', 48, 20),
(5241, 'Lets meet up for drinks after work.', '2023-04-19', 20, 48),
(5245, 'What time are you finishing work today?', '2023-10-14', 49, 20),
(5246, 'Im thinking of starting a new hobby.', '2023-01-12', 49, 20),
(5365, 'Are you free for a coffee this afternoon?', '2023-04-05', 21, 23),
(5366, 'Hello, how are you?', '2023-04-10', 21, 23),
(5367, 'Lets organize a barbecue this weekend.', '2023-04-02', 23, 21),
(5368, 'Dont forget to call your mom on her birthday.', '2023-06-14', 23, 21),
(5369, 'Whats your favorite type of music?', '2023-04-05', 21, 23),
(5370, 'Im so tired, I need a vacation!', '2023-05-26', 24, 21),
(5371, 'Im looking forward to the weekend!', '2023-01-09', 24, 21),
(5372, 'Did you watch the game last night?', '2023-05-24', 21, 24),
(5373, 'How was your meeting this morning?', '2023-04-26', 21, 24),
(5375, 'Lets go for a hike this weekend.', '2023-09-23', 21, 25),
(5376, 'Do you want to join my book club?', '2023-03-14', 25, 21),
(5377, 'Hello, how are you?', '2023-01-06', 21, 25),
(5378, 'Hello, how are you?', '2023-09-25', 25, 21),
(5379, 'Are you free for a coffee this afternoon?', '2023-10-07', 25, 21),
(5380, 'Did you watch the game last night?', '2023-10-04', 21, 26),
(5381, 'I am craving pizza tonight!', '2023-10-08', 26, 21),
(5382, 'I cant believe it is already Thursday.', '2023-04-07', 26, 21),
(5385, 'I heard it is going to rain tomorrow.', '2023-07-13', 21, 27),
(5386, 'What are your plans for the weekend?', '2023-10-19', 21, 27),
(5387, 'Whats your favorite type of music?', '2023-03-11', 27, 21),
(5388, 'Do you want to join my book club?', '2024-04-22', 27, 21),
(5405, 'Im in the mood for sushi tonight.', '2023-12-01', 21, 31),
(5406, 'Are you free for a coffee this afternoon?', '2024-05-26', 31, 21),
(5407, 'Are you free for a coffee this afternoon?', '2023-01-17', 31, 21),
(5415, 'What is your favorite movie genre?', '2023-04-20', 21, 33),
(5416, 'Hello, how are you?', '2024-05-11', 33, 21),
(5420, 'Did you watch the game last night?', '2023-07-18', 21, 34),
(5421, 'I heard it is going to rain tomorrow.', '2023-03-03', 21, 34),
(5422, 'Are you free for a coffee this afternoon?', '2023-10-25', 34, 21),
(5423, 'Have you ever been to that concert venue?', '2023-05-26', 34, 21),
(5425, 'What time are you finishing work today?', '2023-11-11', 35, 21),
(5426, 'Lets plan a movie night soon.', '2024-05-20', 35, 21),
(5427, 'Lets organize a barbecue this weekend.', '2023-05-06', 21, 35),
(5428, 'What is your favorite movie genre?', '2023-09-14', 21, 35),
(5429, 'Have you tried that new restaurant downtown?', '2023-03-06', 21, 35),
(5430, 'Have you tried that new restaurant downtown?', '2024-04-12', 21, 36),
(5431, 'What time are you finishing work today?', '2023-01-07', 36, 21),
(5432, 'Lets organize a barbecue this weekend.', '2023-01-26', 36, 21),
(5445, 'I cant believe it is already Thursday.', '2024-03-19', 21, 39),
(5446, 'Did you hear about the new exhibition at the museum?', '2023-03-06', 39, 21),
(5447, 'I am craving pizza tonight!', '2023-09-16', 39, 21),
(5448, 'Lets go for a hike this weekend.', '2024-03-17', 21, 39),
(5449, 'Have you tried that new restaurant downtown?', '2023-06-06', 21, 39),
(5455, 'Hello, how are you?', '2023-11-03', 41, 21),
(5460, 'What are your plans for the weekend?', '2023-12-17', 42, 21),
(5461, 'How was your meeting this morning?', '2023-06-25', 21, 42),
(5462, 'What time are you finishing work today?', '2023-03-31', 21, 42),
(5465, 'I hope you are having a great day!', '2023-10-08', 43, 21),
(5470, 'Im looking forward to the weekend!', '2024-05-03', 21, 44),
(5480, 'Lets meet up for drinks after work.', '2023-06-25', 21, 46),
(5481, 'I am thinking of redecorating my living room.', '2024-04-10', 46, 21),
(5495, 'Im looking forward to the weekend!', '2023-04-23', 49, 21),
(5496, 'Im in the mood for sushi tonight.', '2023-12-30', 49, 21),
(5497, 'Dont forget to call your mom on her birthday.', '2023-12-31', 21, 49),
(5498, 'Lets plan a movie night soon.', '2023-12-31', 21, 49),
(5625, 'I hope you are having a great day!', '2023-11-25', 22, 25),
(5635, 'Have you seen the latest episode of that TV show?', '2023-02-16', 27, 22),
(5636, 'Whats your favorite type of music?', '2023-06-23', 27, 22),
(5640, 'Are you free for a coffee this afternoon?', '2024-04-29', 28, 22),
(5641, 'I am thinking of redecorating my living room.', '2024-03-15', 28, 22),
(5642, 'Lets plan a movie night soon.', '2023-10-16', 28, 22),
(5645, 'Im looking forward to the weekend!', '2023-02-24', 22, 29),
(5646, 'Have you seen the latest episode of that TV show?', '2023-10-10', 29, 22),
(5647, 'Dont forget to call your mom on her birthday.', '2023-11-26', 29, 22),
(5648, 'What are your plans for the weekend?', '2023-10-03', 22, 29),
(5650, 'Dont forget to call your mom on her birthday.', '2023-09-20', 22, 30),
(5660, 'Have you seen the latest episode of that TV show?', '2023-09-07', 32, 22),
(5661, 'Lets meet up for drinks after work.', '2023-05-31', 32, 22),
(5662, 'Do you want to join my book club?', '2024-01-15', 32, 22),
(5675, 'What is your favorite movie genre?', '2023-08-02', 35, 22),
(5685, 'Lets plan a movie night soon.', '2023-07-15', 37, 22),
(5686, 'Lets organize a barbecue this weekend.', '2023-04-25', 22, 37),
(5695, 'I am craving pizza tonight!', '2024-03-18', 22, 39),
(5696, 'Im looking forward to the weekend!', '2023-03-21', 22, 39),
(5697, 'What is your favorite movie genre?', '2023-12-12', 39, 22),
(5698, 'I cant believe it is already Thursday.', '2023-10-27', 39, 22),
(5699, 'Im thinking of starting a new hobby.', '2024-05-22', 22, 39),
(5700, 'Are you free for a coffee this afternoon?', '2023-10-07', 40, 22),
(5701, 'What is your favorite movie genre?', '2023-02-26', 40, 22),
(5702, 'Have you seen the latest episode of that TV show?', '2023-10-26', 40, 22),
(5730, 'How was your meeting this morning?', '2023-05-03', 46, 22),
(5731, 'What is your favorite movie genre?', '2024-02-04', 22, 46),
(5732, 'Dont forget to call your mom on her birthday.', '2023-05-18', 46, 22),
(5733, 'What is your favorite movie genre?', '2023-04-06', 22, 46),
(5734, 'Lets go for a hike this weekend.', '2023-09-02', 22, 46),
(5735, 'Remember to pick up some milk on your way home.', '2023-11-16', 22, 47),
(5736, 'Lets plan a movie night soon.', '2023-01-06', 22, 47),
(5737, 'I am thinking of redecorating my living room.', '2023-11-07', 47, 22),
(5738, 'I am excited about our upcoming trip!', '2023-01-09', 22, 47),
(5739, 'Lets plan a movie night soon.', '2023-07-31', 47, 22),
(5740, 'Have you ever been to that concert venue?', '2024-04-19', 48, 22),
(5875, 'Remember to pick up some milk on your way home.', '2023-06-14', 23, 25),
(5876, 'Im in the mood for sushi tonight.', '2023-01-11', 23, 25),
(5877, 'Do you want to join my book club?', '2024-01-17', 23, 25),
(5880, 'I hope you are having a great day!', '2023-06-24', 26, 23),
(5885, 'I heard it is going to rain tomorrow.', '2024-01-26', 23, 27),
(5886, 'Did you hear about the new exhibition at the museum?', '2024-05-07', 27, 23),
(5887, 'Lets meet up for drinks after work.', '2024-03-27', 23, 27),
(5888, 'Do you want to join my book club?', '2023-04-11', 23, 27),
(5890, 'Hello, how are you?', '2023-09-16', 23, 28),
(5891, 'I just finished reading a fantastic book!', '2023-03-27', 28, 23),
(5892, 'Did you hear about the new exhibition at the museum?', '2023-02-01', 23, 28),
(5893, 'I cant believe it is already Thursday.', '2024-05-12', 28, 23),
(5895, 'Have you seen the latest episode of that TV show?', '2023-01-18', 23, 29),
(5896, 'Lets grab lunch together tomorrow.', '2023-07-25', 23, 29),
(5897, 'Im so tired, I need a vacation!', '2024-05-26', 23, 29),
(5898, 'Dont forget to call your mom on her birthday.', '2024-02-15', 29, 23),
(5899, 'Remember to pick up some milk on your way home.', '2024-01-12', 23, 29),
(5900, 'Im in the mood for sushi tonight.', '2023-12-02', 30, 23),
(5901, 'Are you free for a coffee this afternoon?', '2023-02-16', 23, 30),
(5902, 'Have you tried that new restaurant downtown?', '2024-05-17', 30, 23),
(5903, 'Do you want to join my book club?', '2023-12-13', 23, 30),
(5915, 'I heard it is going to rain tomorrow.', '2023-10-31', 23, 33),
(5916, 'Hello, how are you?', '2024-02-11', 33, 23),
(5917, 'I cant believe it is already Thursday.', '2023-08-23', 23, 33),
(5918, 'What is your favorite movie genre?', '2023-10-25', 23, 33),
(5925, 'I am craving pizza tonight!', '2023-11-10', 23, 35),
(5926, 'Have you seen the latest episode of that TV show?', '2023-08-24', 23, 35),
(5927, 'I heard it is going to rain tomorrow.', '2023-10-30', 23, 35),
(5930, 'Im so tired, I need a vacation!', '2024-05-14', 36, 23),
(5945, 'Do you want to join my book club?', '2023-08-21', 23, 39),
(5946, 'Have you tried that new restaurant downtown?', '2023-02-03', 23, 39),
(5947, 'Im thinking of starting a new hobby.', '2024-01-04', 23, 39),
(5955, 'I just finished reading a fantastic book!', '2023-10-20', 41, 23),
(5956, 'Have you tried that new restaurant downtown?', '2023-05-17', 41, 23),
(5960, 'Remember to pick up some milk on your way home.', '2024-02-28', 23, 42),
(5961, 'Have you seen the latest episode of that TV show?', '2023-01-21', 23, 42),
(5962, 'What are your plans for the weekend?', '2023-08-03', 42, 23),
(5963, 'Have you ever been to that concert venue?', '2024-01-08', 23, 42),
(5964, 'Did you hear about the new exhibition at the museum?', '2023-04-10', 23, 42),
(5975, 'Remember to pick up some milk on your way home.', '2023-06-27', 23, 45),
(5985, 'Have you seen the latest episode of that TV show?', '2024-03-11', 47, 23),
(5986, 'What are your plans for the weekend?', '2023-02-03', 23, 47),
(5987, 'How was your meeting this morning?', '2023-12-17', 47, 23),
(5995, 'Have you ever been to that concert venue?', '2023-08-04', 49, 23),
(5996, 'Whats your favorite type of music?', '2023-08-27', 49, 23),
(6000, 'Im thinking of starting a new hobby.', '2023-11-02', 50, 23),
(6140, 'Hello, how are you?', '2023-08-15', 28, 24),
(6141, 'Im in the mood for sushi tonight.', '2023-06-18', 24, 28),
(6142, 'Did you hear about the new exhibition at the museum?', '2023-10-01', 24, 28),
(6143, 'I am thinking of redecorating my living room.', '2023-07-29', 24, 28),
(6145, 'What time are you finishing work today?', '2023-03-12', 29, 24),
(6146, 'How was your meeting this morning?', '2023-12-17', 24, 29),
(6147, 'Did you watch the game last night?', '2023-02-13', 24, 29),
(6155, 'What time are you finishing work today?', '2023-07-25', 24, 31),
(6156, 'Have you tried that new restaurant downtown?', '2024-05-19', 31, 24),
(6157, 'Have you tried that new restaurant downtown?', '2023-06-22', 24, 31),
(6158, 'Lets plan a movie night soon.', '2023-07-18', 31, 24),
(6165, 'Have you tried that new restaurant downtown?', '2023-02-07', 33, 24),
(6166, 'Hello, how are you?', '2024-03-19', 24, 33),
(6167, 'Im thinking of starting a new hobby.', '2024-02-18', 24, 33),
(6185, 'Lets meet up for drinks after work.', '2024-02-05', 24, 37),
(6186, 'Did you watch the game last night?', '2023-12-29', 24, 37),
(6187, 'I am craving pizza tonight!', '2023-10-07', 37, 24),
(6190, 'What time are you finishing work today?', '2023-11-02', 38, 24),
(6205, 'Remember to pick up some milk on your way home.', '2024-03-11', 41, 24),
(6206, 'Remember to pick up some milk on your way home.', '2024-02-01', 41, 24),
(6207, 'I am excited about our upcoming trip!', '2023-06-29', 41, 24),
(6208, 'Im thinking of starting a new hobby.', '2023-07-01', 41, 24),
(6210, 'How was your meeting this morning?', '2023-05-04', 24, 42),
(6211, 'What time are you finishing work today?', '2023-12-12', 24, 42),
(6212, 'Did you hear about the new exhibition at the museum?', '2023-06-12', 24, 42),
(6213, 'Lets grab lunch together tomorrow.', '2024-02-25', 24, 42),
(6225, 'I cant believe it is already Thursday.', '2023-05-19', 45, 24),
(6230, 'Are you free for a coffee this afternoon?', '2023-01-20', 24, 46),
(6231, 'Have you seen the latest episode of that TV show?', '2023-12-31', 46, 24),
(6232, 'Im so tired, I need a vacation!', '2023-03-06', 24, 46),
(6233, 'I am thinking of redecorating my living room.', '2023-10-29', 24, 46),
(6385, 'I just finished reading a fantastic book!', '2023-01-12', 25, 27),
(6386, 'What are your plans for the weekend?', '2023-11-08', 25, 27),
(6387, 'Im thinking of starting a new hobby.', '2023-07-25', 25, 27),
(6388, 'Dont forget to call your mom on her birthday.', '2023-10-30', 27, 25),
(6390, 'I just finished reading a fantastic book!', '2024-01-22', 25, 28),
(6391, 'Im looking forward to the weekend!', '2024-01-16', 25, 28),
(6392, 'Lets organize a barbecue this weekend.', '2023-09-26', 25, 28),
(6395, 'I just finished reading a fantastic book!', '2023-10-13', 25, 29),
(6396, 'I am excited about our upcoming trip!', '2023-05-08', 29, 25),
(6397, 'Do you want to join my book club?', '2023-11-26', 29, 25),
(6398, 'Lets organize a barbecue this weekend.', '2023-07-09', 29, 25),
(6400, 'Do you want to join my book club?', '2023-04-20', 30, 25),
(6401, 'Remember to pick up some milk on your way home.', '2023-03-10', 30, 25),
(6440, 'Lets go for a hike this weekend.', '2023-04-01', 38, 25),
(6450, 'Remember to pick up some milk on your way home.', '2023-05-14', 25, 40),
(6451, 'Are you free for a coffee this afternoon?', '2023-10-10', 40, 25),
(6452, 'Lets go for a hike this weekend.', '2024-02-02', 25, 40),
(6455, 'Are you free for a coffee this afternoon?', '2024-03-27', 25, 41),
(6456, 'Lets organize a barbecue this weekend.', '2024-02-08', 25, 41),
(6457, 'What time are you finishing work today?', '2024-05-08', 41, 25),
(6458, 'Are you free for a coffee this afternoon?', '2023-05-13', 41, 25),
(6459, 'Dont forget to call your mom on her birthday.', '2024-05-18', 41, 25),
(6470, 'Im thinking of starting a new hobby.', '2023-05-03', 44, 25),
(6471, 'I cant believe it is already Thursday.', '2023-07-11', 44, 25),
(6475, 'Im looking forward to the weekend!', '2023-05-23', 25, 45),
(6480, 'What time are you finishing work today?', '2023-07-04', 46, 25),
(6481, 'What time are you finishing work today?', '2024-01-29', 25, 46),
(6482, 'Did you hear about the new exhibition at the museum?', '2023-04-19', 25, 46),
(6483, 'Lets plan a movie night soon.', '2023-03-01', 25, 46),
(6490, 'Im looking forward to the weekend!', '2023-05-09', 25, 48),
(6491, 'Dont forget to call your mom on her birthday.', '2024-04-25', 25, 48),
(6492, 'What are your plans for the weekend?', '2024-02-10', 48, 25),
(6493, 'I just finished reading a fantastic book!', '2024-01-07', 48, 25),
(6640, 'What are your plans for the weekend?', '2023-08-19', 26, 28),
(6645, 'Hello, how are you?', '2023-01-26', 29, 26),
(6646, 'I am excited about our upcoming trip!', '2023-06-29', 29, 26),
(6647, 'Did you watch the game last night?', '2023-07-08', 26, 29),
(6648, 'Remember to pick up some milk on your way home.', '2023-04-19', 29, 26),
(6660, 'Whats your favorite type of music?', '2023-10-29', 32, 26),
(6661, 'Lets plan a movie night soon.', '2024-05-13', 32, 26),
(6662, 'Lets plan a movie night soon.', '2024-05-16', 32, 26),
(6663, 'Lets organize a barbecue this weekend.', '2024-05-02', 32, 26),
(6664, 'Have you ever been to that concert venue?', '2023-08-01', 26, 32),
(6670, 'I hope you are having a great day!', '2023-01-16', 26, 34),
(6671, 'Dont forget to call your mom on her birthday.', '2023-02-01', 34, 26),
(6680, 'Lets organize a barbecue this weekend.', '2024-01-10', 36, 26),
(6681, 'I am excited about our upcoming trip!', '2024-05-08', 26, 36),
(6682, 'Im looking forward to the weekend!', '2023-11-25', 36, 26),
(6685, 'I just finished reading a fantastic book!', '2024-03-02', 37, 26),
(6690, 'Dont forget to call your mom on her birthday.', '2023-12-31', 26, 38),
(6705, 'I am craving pizza tonight!', '2023-09-05', 41, 26),
(6715, 'Have you ever been to that concert venue?', '2023-04-09', 43, 26),
(6716, 'Lets plan a movie night soon.', '2023-03-08', 26, 43),
(6717, 'How was your meeting this morning?', '2024-04-26', 43, 26),
(6718, 'Lets organize a barbecue this weekend.', '2023-04-01', 43, 26),
(6719, 'Hello, how are you?', '2023-07-30', 26, 43),
(6720, 'I cant believe it is already Thursday.', '2024-05-22', 26, 44),
(6721, 'Have you ever been to that concert venue?', '2023-10-12', 44, 26),
(6722, 'What are your plans for the weekend?', '2023-09-24', 44, 26),
(6723, 'Im in the mood for sushi tonight.', '2023-02-19', 26, 44),
(6725, 'Im looking forward to the weekend!', '2023-05-30', 45, 26),
(6726, 'Lets organize a barbecue this weekend.', '2023-12-28', 45, 26),
(6730, 'Lets grab lunch together tomorrow.', '2024-02-22', 46, 26),
(6731, 'Im in the mood for sushi tonight.', '2024-01-31', 46, 26),
(6732, 'I cant believe it is already Thursday.', '2024-02-02', 46, 26),
(6733, 'Im thinking of starting a new hobby.', '2023-03-21', 46, 26),
(6740, 'Do you want to join my book club?', '2024-01-26', 26, 48),
(6741, 'Did you hear about the new exhibition at the museum?', '2023-03-22', 26, 48),
(6742, 'Lets grab lunch together tomorrow.', '2024-01-11', 48, 26),
(6743, 'Hello, how are you?', '2023-12-11', 26, 48),
(6744, 'I just finished reading a fantastic book!', '2023-10-12', 48, 26),
(6745, 'Are you free for a coffee this afternoon?', '2023-10-11', 49, 26),
(6750, 'Hello, how are you?', '2023-01-24', 50, 26),
(6751, 'Have you tried that new restaurant downtown?', '2024-03-31', 26, 50),
(6752, 'Lets meet up for drinks after work.', '2024-01-19', 26, 50),
(6895, 'How was your meeting this morning?', '2024-04-20', 27, 29),
(6896, 'What is your favorite movie genre?', '2024-01-09', 27, 29),
(6897, 'I just finished reading a fantastic book!', '2023-11-28', 29, 27),
(6905, 'I just finished reading a fantastic book!', '2023-06-28', 27, 31),
(6906, 'Are you free for a coffee this afternoon?', '2023-06-18', 31, 27),
(6915, 'Do you want to join my book club?', '2023-10-18', 27, 33),
(6920, 'Lets go for a hike this weekend.', '2024-05-23', 34, 27),
(6921, 'I just finished reading a fantastic book!', '2023-05-04', 27, 34),
(6930, 'I am thinking of redecorating my living room.', '2024-03-02', 27, 36),
(6931, 'Have you seen the latest episode of that TV show?', '2023-10-19', 27, 36),
(6932, 'Im looking forward to the weekend!', '2023-07-30', 36, 27),
(6933, 'Whats your favorite type of music?', '2023-10-28', 36, 27),
(6940, 'Im so tired, I need a vacation!', '2023-04-07', 27, 38),
(6941, 'I am craving pizza tonight!', '2024-01-20', 38, 27),
(6942, 'Remember to pick up some milk on your way home.', '2023-06-24', 27, 38),
(6950, 'Do you want to join my book club?', '2023-12-16', 40, 27),
(6951, 'Did you watch the game last night?', '2023-12-01', 27, 40),
(6952, 'Im so tired, I need a vacation!', '2023-01-01', 27, 40),
(6955, 'I am thinking of redecorating my living room.', '2024-04-15', 27, 41),
(6965, 'I am craving pizza tonight!', '2023-05-24', 43, 27),
(6966, 'Whats your favorite type of music?', '2023-07-22', 27, 43),
(6967, 'I just finished reading a fantastic book!', '2023-09-01', 27, 43),
(6975, 'Whats your favorite type of music?', '2023-01-16', 27, 45),
(6976, 'Have you tried that new restaurant downtown?', '2023-11-11', 45, 27),
(6990, 'What is your favorite movie genre?', '2024-02-17', 27, 48),
(6991, 'Dont forget to call your mom on her birthday.', '2023-01-05', 27, 48),
(6992, 'What time are you finishing work today?', '2023-08-20', 27, 48),
(7000, 'Lets plan a movie night soon.', '2024-03-30', 50, 27),
(7145, 'Im in the mood for sushi tonight.', '2023-08-15', 29, 28),
(7146, 'Did you watch the game last night?', '2023-12-30', 28, 29),
(7155, 'Have you seen the latest episode of that TV show?', '2023-02-15', 31, 28),
(7156, 'I cant believe it is already Thursday.', '2023-12-22', 28, 31),
(7160, 'Do you want to join my book club?', '2023-06-01', 32, 28),
(7165, 'Im so tired, I need a vacation!', '2024-04-01', 28, 33),
(7166, 'How was your meeting this morning?', '2023-01-05', 28, 33),
(7167, 'I heard it is going to rain tomorrow.', '2023-12-12', 28, 33),
(7168, 'Lets plan a movie night soon.', '2023-08-31', 33, 28),
(7170, 'Dont forget to call your mom on her birthday.', '2023-06-22', 34, 28),
(7171, 'Im in the mood for sushi tonight.', '2023-06-30', 34, 28),
(7172, 'Did you watch the game last night?', '2023-11-24', 34, 28),
(7173, 'What is your favorite movie genre?', '2023-02-27', 34, 28),
(7185, 'I am excited about our upcoming trip!', '2023-07-10', 28, 37),
(7186, 'Do you want to join my book club?', '2023-10-14', 37, 28),
(7205, 'Have you seen the latest episode of that TV show?', '2023-04-02', 41, 28),
(7225, 'I cant believe it is already Thursday.', '2024-02-20', 28, 45),
(7226, 'What are your plans for the weekend?', '2024-04-25', 28, 45),
(7227, 'Whats your favorite type of music?', '2023-03-30', 45, 28),
(7228, 'Im in the mood for sushi tonight.', '2023-03-10', 28, 45),
(7240, 'What are your plans for the weekend?', '2023-02-22', 28, 48),
(7250, 'I just finished reading a fantastic book!', '2023-03-03', 28, 50),
(7251, 'How was your meeting this morning?', '2023-05-13', 50, 28),
(7252, 'Whats your favorite type of music?', '2023-06-14', 28, 50),
(7253, 'Have you tried that new restaurant downtown?', '2024-01-09', 28, 50),
(7405, 'How was your meeting this morning?', '2024-02-28', 29, 31),
(7406, 'Im so tired, I need a vacation!', '2024-01-10', 29, 31),
(7407, 'Did you hear about the new exhibition at the museum?', '2023-11-10', 29, 31),
(7410, 'Whats your favorite type of music?', '2023-05-02', 32, 29),
(7411, 'Im so tired, I need a vacation!', '2023-01-03', 29, 32),
(7412, 'Do you want to join my book club?', '2023-06-20', 32, 29),
(7415, 'What is your favorite movie genre?', '2023-04-09', 33, 29),
(7420, 'What is your favorite movie genre?', '2023-07-09', 34, 29),
(7430, 'Have you seen the latest episode of that TV show?', '2024-04-18', 29, 36),
(7431, 'I cant believe it is already Thursday.', '2023-02-25', 36, 29),
(7435, 'I am thinking of redecorating my living room.', '2023-03-01', 29, 37),
(7445, 'Lets plan a movie night soon.', '2023-12-11', 29, 39),
(7446, 'I hope you are having a great day!', '2023-01-27', 29, 39),
(7450, 'Have you seen the latest episode of that TV show?', '2023-01-09', 40, 29),
(7451, 'I am thinking of redecorating my living room.', '2024-04-27', 40, 29),
(7452, 'Lets plan a movie night soon.', '2024-03-25', 29, 40),
(7453, 'Remember to pick up some milk on your way home.', '2023-06-07', 40, 29),
(7454, 'I am thinking of redecorating my living room.', '2023-07-10', 29, 40),
(7460, 'Im looking forward to the weekend!', '2024-05-25', 42, 29),
(7461, 'Lets grab lunch together tomorrow.', '2023-09-27', 42, 29),
(7462, 'I heard it is going to rain tomorrow.', '2023-03-25', 29, 42),
(7463, 'How was your meeting this morning?', '2024-02-22', 29, 42),
(7464, 'I am craving pizza tonight!', '2024-03-25', 29, 42),
(7465, 'I cant believe it is already Thursday.', '2023-05-06', 43, 29),
(7466, 'Lets grab lunch together tomorrow.', '2023-05-29', 43, 29),
(7467, 'I just finished reading a fantastic book!', '2024-02-26', 43, 29),
(7468, 'I just finished reading a fantastic book!', '2024-03-03', 43, 29),
(7469, 'Have you ever been to that concert venue?', '2023-09-27', 43, 29),
(7470, 'I just finished reading a fantastic book!', '2023-01-07', 44, 29),
(7471, 'Lets grab lunch together tomorrow.', '2023-07-12', 44, 29),
(7472, 'I just finished reading a fantastic book!', '2024-01-03', 29, 44),
(7473, 'I am thinking of redecorating my living room.', '2024-01-06', 29, 44),
(7474, 'Are you free for a coffee this afternoon?', '2023-10-30', 44, 29),
(7475, 'Do you want to join my book club?', '2023-02-18', 29, 45),
(7480, 'Dont forget to call your mom on her birthday.', '2023-04-27', 46, 29),
(7490, 'I heard it is going to rain tomorrow.', '2023-12-31', 29, 48),
(7491, 'I am thinking of redecorating my living room.', '2023-03-18', 48, 29),
(7495, 'Do you want to join my book club?', '2024-01-29', 29, 49),
(7500, 'Lets organize a barbecue this weekend.', '2024-02-29', 29, 50),
(7655, 'Did you hear about the new exhibition at the museum?', '2023-06-15', 30, 31),
(7656, 'Dont forget to call your mom on her birthday.', '2023-05-22', 30, 31),
(7657, 'Did you watch the game last night?', '2023-09-20', 31, 30),
(7658, 'Have you tried that new restaurant downtown?', '2024-03-03', 31, 30),
(7660, 'I am thinking of redecorating my living room.', '2024-04-15', 30, 32),
(7661, 'Did you hear about the new exhibition at the museum?', '2023-10-05', 32, 30),
(7665, 'What are your plans for the weekend?', '2024-02-18', 30, 33),
(7670, 'Lets meet up for drinks after work.', '2024-03-04', 30, 34),
(7671, 'Lets plan a movie night soon.', '2024-02-21', 34, 30),
(7672, 'Have you ever been to that concert venue?', '2023-08-14', 34, 30),
(7673, 'Have you tried that new restaurant downtown?', '2023-06-15', 30, 34),
(7675, 'What are your plans for the weekend?', '2023-11-05', 35, 30),
(7676, 'Have you seen the latest episode of that TV show?', '2023-02-25', 30, 35),
(7677, 'What is your favorite movie genre?', '2024-01-13', 30, 35),
(7678, 'Hello, how are you?', '2023-05-31', 30, 35),
(7680, 'I am thinking of redecorating my living room.', '2024-04-12', 30, 36),
(7681, 'Remember to pick up some milk on your way home.', '2023-05-23', 36, 30),
(7682, 'How was your meeting this morning?', '2023-02-24', 36, 30),
(7690, 'Im thinking of starting a new hobby.', '2023-10-07', 30, 38),
(7705, 'Whats your favorite type of music?', '2023-08-05', 41, 30),
(7706, 'Lets go for a hike this weekend.', '2023-12-25', 30, 41),
(7707, 'What are your plans for the weekend?', '2023-06-15', 41, 30),
(7720, 'Lets organize a barbecue this weekend.', '2024-05-19', 30, 44),
(7730, 'I hope you are having a great day!', '2023-12-31', 46, 30),
(7731, 'I am excited about our upcoming trip!', '2023-08-21', 46, 30),
(7732, 'What is your favorite movie genre?', '2023-06-10', 46, 30),
(7735, 'Hello, how are you?', '2024-05-03', 30, 47),
(7740, 'Im looking forward to the weekend!', '2023-01-06', 48, 30),
(7745, 'What is your favorite movie genre?', '2024-05-19', 30, 49),
(7746, 'I hope you are having a great day!', '2024-02-29', 49, 30),
(7747, 'Im looking forward to the weekend!', '2024-05-04', 30, 49),
(7748, 'Have you ever been to that concert venue?', '2024-04-14', 30, 49),
(7749, 'Have you seen the latest episode of that TV show?', '2024-03-29', 49, 30),
(7915, 'I cant believe it is already Thursday.', '2023-07-21', 31, 33),
(7916, 'Im looking forward to the weekend!', '2024-04-28', 33, 31),
(7917, 'Have you seen the latest episode of that TV show?', '2024-01-23', 33, 31),
(7918, 'I heard it is going to rain tomorrow.', '2023-12-24', 33, 31),
(7930, 'Lets grab lunch together tomorrow.', '2024-02-03', 31, 36),
(7931, 'I hope you are having a great day!', '2023-10-05', 36, 31),
(7955, 'Did you hear about the new exhibition at the museum?', '2023-01-30', 31, 41),
(7960, 'Lets go for a hike this weekend.', '2023-07-20', 42, 31),
(7965, 'Do you want to join my book club?', '2023-07-11', 31, 43),
(7966, 'Are you free for a coffee this afternoon?', '2023-03-10', 43, 31),
(7967, 'Lets go for a hike this weekend.', '2023-07-22', 31, 43),
(7968, 'I just finished reading a fantastic book!', '2023-03-05', 31, 43),
(7969, 'Lets meet up for drinks after work.', '2024-02-27', 43, 31),
(7970, 'Remember to pick up some milk on your way home.', '2024-04-10', 44, 31),
(7971, 'Lets organize a barbecue this weekend.', '2023-05-19', 31, 44),
(7975, 'Have you tried that new restaurant downtown?', '2023-01-07', 45, 31),
(7976, 'I am excited about our upcoming trip!', '2024-02-28', 31, 45),
(7990, 'I hope you are having a great day!', '2023-06-11', 48, 31),
(7991, 'Did you hear about the new exhibition at the museum?', '2024-01-03', 48, 31),
(7992, 'Have you ever been to that concert venue?', '2023-02-08', 31, 48),
(7993, 'I cant believe it is already Thursday.', '2024-05-10', 48, 31),
(7994, 'I am thinking of redecorating my living room.', '2023-01-19', 31, 48),
(7995, 'What time are you finishing work today?', '2024-02-07', 31, 49),
(8000, 'Lets organize a barbecue this weekend.', '2023-03-25', 31, 50),
(8001, 'What time are you finishing work today?', '2023-03-24', 31, 50),
(8002, 'Did you hear about the new exhibition at the museum?', '2023-03-10', 50, 31),
(8003, 'What is your favorite movie genre?', '2023-04-27', 50, 31),
(8170, 'I am excited about our upcoming trip!', '2024-02-21', 34, 32),
(8190, 'Lets grab lunch together tomorrow.', '2024-04-01', 38, 32),
(8191, 'What are your plans for the weekend?', '2023-12-27', 32, 38),
(8192, 'Im looking forward to the weekend!', '2023-11-07', 32, 38),
(8205, 'Lets plan a movie night soon.', '2024-03-30', 32, 41),
(8206, 'Have you tried that new restaurant downtown?', '2023-11-29', 32, 41),
(8210, 'Remember to pick up some milk on your way home.', '2023-03-29', 32, 42),
(8211, 'Remember to pick up some milk on your way home.', '2024-02-13', 32, 42),
(8212, 'Im so tired, I need a vacation!', '2023-10-25', 42, 32),
(8215, 'Do you want to join my book club?', '2023-07-12', 43, 32),
(8216, 'Lets organize a barbecue this weekend.', '2024-03-03', 32, 43),
(8217, 'Im so tired, I need a vacation!', '2024-02-23', 43, 32),
(8218, 'I hope you are having a great day!', '2023-01-29', 32, 43),
(8219, 'Im looking forward to the weekend!', '2023-04-01', 43, 32),
(8220, 'What are your plans for the weekend?', '2024-03-29', 32, 44),
(8221, 'Im in the mood for sushi tonight.', '2023-03-27', 44, 32),
(8222, 'Lets organize a barbecue this weekend.', '2023-07-07', 32, 44),
(8223, 'I am craving pizza tonight!', '2023-10-26', 32, 44),
(8230, 'Im so tired, I need a vacation!', '2024-04-30', 46, 32),
(8231, 'Whats your favorite type of music?', '2024-03-07', 32, 46),
(8232, 'I cant believe it is already Thursday.', '2024-01-23', 46, 32),
(8233, 'Im thinking of starting a new hobby.', '2023-07-06', 32, 46),
(8420, 'What is your favorite movie genre?', '2024-03-11', 33, 34),
(8421, 'Im thinking of starting a new hobby.', '2023-01-24', 34, 33),
(8422, 'I am excited about our upcoming trip!', '2023-10-03', 33, 34),
(8450, 'I cant believe it is already Thursday.', '2024-03-01', 40, 33),
(8451, 'I heard it is going to rain tomorrow.', '2023-09-03', 33, 40),
(8460, 'What is your favorite movie genre?', '2023-03-01', 33, 42),
(8461, 'Did you hear about the new exhibition at the museum?', '2023-03-15', 42, 33),
(8465, 'Did you hear about the new exhibition at the museum?', '2024-03-30', 43, 33),
(8466, 'Remember to pick up some milk on your way home.', '2023-04-03', 43, 33),
(8467, 'Lets go for a hike this weekend.', '2024-03-18', 43, 33),
(8470, 'What time are you finishing work today?', '2023-12-01', 33, 44),
(8471, 'I am excited about our upcoming trip!', '2023-07-27', 33, 44),
(8485, 'Im looking forward to the weekend!', '2023-09-14', 47, 33),
(8486, 'Are you free for a coffee this afternoon?', '2023-07-06', 33, 47),
(8487, 'I am excited about our upcoming trip!', '2023-11-15', 33, 47),
(8488, 'Have you seen the latest episode of that TV show?', '2023-07-11', 47, 33),
(8489, 'I am excited about our upcoming trip!', '2023-04-11', 47, 33),
(8500, 'Lets plan a movie night soon.', '2024-01-01', 33, 50),
(8501, 'I am thinking of redecorating my living room.', '2023-08-18', 50, 33),
(8502, 'I am craving pizza tonight!', '2023-02-07', 50, 33),
(8503, 'Remember to pick up some milk on your way home.', '2023-12-10', 50, 33),
(8504, 'What are your plans for the weekend?', '2023-04-10', 50, 33),
(8680, 'Hello, how are you?', '2023-06-21', 36, 34),
(8700, 'I just finished reading a fantastic book!', '2023-09-02', 40, 34),
(8715, 'Lets meet up for drinks after work.', '2023-06-17', 43, 34),
(8716, 'Whats your favorite type of music?', '2023-10-25', 43, 34),
(8717, 'Are you free for a coffee this afternoon?', '2023-07-20', 34, 43),
(8718, 'Lets grab lunch together tomorrow.', '2023-02-16', 43, 34),
(8735, 'Lets organize a barbecue this weekend.', '2023-07-30', 34, 47),
(8740, 'Im looking forward to the weekend!', '2023-03-09', 34, 48),
(8741, 'Im in the mood for sushi tonight.', '2023-09-28', 48, 34),
(8742, 'Do you want to join my book club?', '2024-05-01', 48, 34),
(8940, 'Have you tried that new restaurant downtown?', '2023-11-29', 38, 35),
(8941, 'Remember to pick up some milk on your way home.', '2023-03-10', 35, 38),
(8942, 'Have you seen the latest episode of that TV show?', '2024-04-03', 35, 38),
(8943, 'Are you free for a coffee this afternoon?', '2023-09-18', 38, 35),
(8944, 'I heard it is going to rain tomorrow.', '2023-03-11', 38, 35),
(8945, 'How was your meeting this morning?', '2023-11-07', 35, 39),
(8946, 'I am craving pizza tonight!', '2023-01-12', 35, 39),
(8947, 'Whats your favorite type of music?', '2024-05-24', 39, 35),
(8955, 'What time are you finishing work today?', '2023-01-11', 41, 35),
(8956, 'Lets plan a movie night soon.', '2023-07-07', 35, 41),
(8965, 'Hello, how are you?', '2023-06-28', 43, 35),
(8966, 'Lets plan a movie night soon.', '2023-07-08', 35, 43),
(8980, 'Lets go for a hike this weekend.', '2023-07-16', 46, 35),
(8981, 'Lets plan a movie night soon.', '2023-12-28', 35, 46),
(8982, 'Im in the mood for sushi tonight.', '2023-04-22', 46, 35),
(8985, 'I cant believe it is already Thursday.', '2023-11-04', 35, 47),
(8986, 'I hope you are having a great day!', '2024-03-10', 47, 35),
(8987, 'I cant believe it is already Thursday.', '2024-02-15', 35, 47),
(8988, 'Have you ever been to that concert venue?', '2023-01-22', 47, 35),
(8990, 'How was your meeting this morning?', '2023-10-05', 48, 35),
(8991, 'I am excited about our upcoming trip!', '2023-08-10', 35, 48),
(8995, 'I am thinking of redecorating my living room.', '2023-02-15', 49, 35),
(8996, 'Did you watch the game last night?', '2023-07-21', 49, 35),
(8997, 'Have you ever been to that concert venue?', '2024-05-03', 35, 49),
(8998, 'Lets grab lunch together tomorrow.', '2024-03-18', 35, 49),
(9190, 'What is your favorite movie genre?', '2023-04-21', 38, 36),
(9200, 'Have you ever been to that concert venue?', '2023-06-04', 40, 36),
(9201, 'I am excited about our upcoming trip!', '2024-04-20', 40, 36),
(9202, 'I cant believe it is already Thursday.', '2023-01-12', 40, 36),
(9205, 'I just finished reading a fantastic book!', '2023-10-29', 36, 41),
(9206, 'Im thinking of starting a new hobby.', '2023-12-11', 36, 41),
(9207, 'Lets meet up for drinks after work.', '2023-01-16', 41, 36),
(9220, 'Have you ever been to that concert venue?', '2023-04-16', 44, 36),
(9221, 'I just finished reading a fantastic book!', '2023-08-08', 44, 36),
(9222, 'Im so tired, I need a vacation!', '2024-03-05', 44, 36),
(9223, 'Did you watch the game last night?', '2024-02-29', 44, 36),
(9224, 'What time are you finishing work today?', '2023-10-12', 36, 44),
(9245, 'I am excited about our upcoming trip!', '2023-09-01', 36, 49),
(9246, 'Im thinking of starting a new hobby.', '2023-06-05', 36, 49),
(9247, 'I am craving pizza tonight!', '2024-05-22', 49, 36),
(9248, 'I heard it is going to rain tomorrow.', '2023-10-28', 49, 36),
(9440, 'Lets plan a movie night soon.', '2024-03-03', 37, 38),
(9441, 'I heard it is going to rain tomorrow.', '2023-02-14', 38, 37),
(9442, 'What are your plans for the weekend?', '2023-11-05', 38, 37),
(9465, 'Lets grab lunch together tomorrow.', '2023-01-22', 37, 43),
(9466, 'What time are you finishing work today?', '2023-12-19', 37, 43),
(9467, 'Lets organize a barbecue this weekend.', '2023-04-15', 43, 37),
(9480, 'Have you tried that new restaurant downtown?', '2023-09-13', 46, 37),
(9500, 'Do you want to join my book club?', '2024-01-09', 37, 50),
(9501, 'What are your plans for the weekend?', '2024-04-24', 37, 50),
(9502, 'Hello, how are you?', '2024-05-16', 50, 37),
(9503, 'Whats your favorite type of music?', '2024-03-24', 50, 37),
(9504, 'I am excited about our upcoming trip!', '2024-05-07', 50, 37),
(9695, 'Im so tired, I need a vacation!', '2024-02-16', 38, 39),
(9696, 'I cant believe it is already Thursday.', '2023-12-29', 39, 38),
(9697, 'Lets plan a movie night soon.', '2023-06-17', 39, 38),
(9705, 'Im so tired, I need a vacation!', '2023-05-05', 38, 41),
(9706, 'Lets go for a hike this weekend.', '2024-02-06', 38, 41),
(9707, 'Have you seen the latest episode of that TV show?', '2023-10-27', 41, 38),
(9708, 'I just finished reading a fantastic book!', '2023-09-13', 41, 38),
(9715, 'Lets organize a barbecue this weekend.', '2023-11-09', 38, 43),
(9716, 'Im thinking of starting a new hobby.', '2023-04-07', 38, 43),
(9717, 'Do you want to join my book club?', '2024-04-15', 43, 38),
(9718, 'I hope you are having a great day!', '2023-04-08', 43, 38),
(9725, 'Im so tired, I need a vacation!', '2024-02-28', 38, 45),
(9726, 'How was your meeting this morning?', '2023-02-15', 38, 45),
(9730, 'Lets organize a barbecue this weekend.', '2024-02-15', 38, 46),
(9731, 'Remember to pick up some milk on your way home.', '2023-06-08', 38, 46),
(9735, 'Did you hear about the new exhibition at the museum?', '2023-07-03', 47, 38),
(9740, 'Lets organize a barbecue this weekend.', '2024-03-11', 38, 48),
(9750, 'Did you hear about the new exhibition at the museum?', '2023-04-22', 50, 38),
(9751, 'How was your meeting this morning?', '2023-06-15', 38, 50),
(9752, 'Have you ever been to that concert venue?', '2023-08-13', 50, 38),
(9753, 'I cant believe it is already Thursday.', '2024-01-06', 50, 38),
(9955, 'Did you hear about the new exhibition at the museum?', '2023-12-28', 41, 39),
(9960, 'Lets meet up for drinks after work.', '2023-02-20', 42, 39),
(9961, 'Have you seen the latest episode of that TV show?', '2023-12-14', 39, 42),
(9962, 'I am craving pizza tonight!', '2024-02-08', 42, 39),
(9965, 'I just finished reading a fantastic book!', '2024-04-12', 43, 39),
(9966, 'Im so tired, I need a vacation!', '2023-04-01', 39, 43),
(9967, 'I heard it is going to rain tomorrow.', '2023-09-28', 39, 43),
(9968, 'Lets organize a barbecue this weekend.', '2023-10-25', 43, 39),
(9969, 'Are you free for a coffee this afternoon?', '2023-08-12', 43, 39),
(9995, 'Hello, how are you?', '2024-02-03', 39, 49),
(9996, 'I just finished reading a fantastic book!', '2024-03-11', 49, 39),
(9997, 'I hope you are having a great day!', '2023-10-12', 49, 39),
(9998, 'I am craving pizza tonight!', '2023-03-11', 49, 39),
(10000, 'Have you tried that new restaurant downtown?', '2023-07-31', 39, 50),
(10001, 'Lets plan a movie night soon.', '2023-09-20', 39, 50),
(10002, 'Do you want to join my book club?', '2023-04-15', 50, 39),
(10003, 'What time are you finishing work today?', '2023-04-13', 39, 50),
(10205, 'Have you ever been to that concert venue?', '2024-05-26', 40, 41),
(10206, 'Remember to pick up some milk on your way home.', '2024-05-11', 41, 40),
(10207, 'Hello, how are you?', '2024-03-17', 41, 40),
(10208, 'Did you hear about the new exhibition at the museum?', '2023-02-28', 40, 41),
(10209, 'Have you ever been to that concert venue?', '2024-02-19', 40, 41),
(10220, 'Did you hear about the new exhibition at the museum?', '2023-07-01', 44, 40),
(10221, 'Lets organize a barbecue this weekend.', '2023-02-21', 44, 40),
(10222, 'I cant believe it is already Thursday.', '2023-04-27', 40, 44),
(10223, 'I am excited about our upcoming trip!', '2023-09-17', 44, 40),
(10225, 'I just finished reading a fantastic book!', '2024-03-25', 40, 45),
(10226, 'What is your favorite movie genre?', '2023-03-12', 40, 45),
(10227, 'Im in the mood for sushi tonight.', '2024-01-18', 45, 40),
(10228, 'Im looking forward to the weekend!', '2023-09-07', 40, 45),
(10235, 'I cant believe it is already Thursday.', '2024-03-02', 47, 40),
(10236, 'What are your plans for the weekend?', '2023-09-29', 47, 40),
(10237, 'Have you tried that new restaurant downtown?', '2024-04-28', 40, 47),
(10240, 'Im thinking of starting a new hobby.', '2024-04-19', 48, 40),
(10241, 'Have you seen the latest episode of that TV show?', '2023-12-11', 48, 40),
(10242, 'I am thinking of redecorating my living room.', '2023-05-05', 40, 48),
(10243, 'I just finished reading a fantastic book!', '2023-05-14', 40, 48),
(10245, 'What time are you finishing work today?', '2023-08-27', 40, 49),
(10246, 'What time are you finishing work today?', '2023-06-02', 49, 40),
(10247, 'I heard it is going to rain tomorrow.', '2023-02-14', 40, 49),
(10250, 'Are you free for a coffee this afternoon?', '2023-12-06', 40, 50),
(10251, 'Did you hear about the new exhibition at the museum?', '2024-05-17', 40, 50),
(10460, 'Did you watch the game last night?', '2024-02-23', 42, 41),
(10461, 'Did you watch the game last night?', '2023-05-02', 41, 42),
(10462, 'Im thinking of starting a new hobby.', '2023-12-30', 42, 41),
(10463, 'Im so tired, I need a vacation!', '2023-09-02', 41, 42),
(10464, 'Dont forget to call your mom on her birthday.', '2023-12-21', 42, 41),
(10465, 'I am excited about our upcoming trip!', '2023-05-03', 43, 41),
(10466, 'I just finished reading a fantastic book!', '2024-02-03', 43, 41),
(10467, 'I am craving pizza tonight!', '2023-01-12', 43, 41),
(10468, 'Have you ever been to that concert venue?', '2023-06-21', 41, 43),
(10469, 'Did you hear about the new exhibition at the museum?', '2023-07-09', 41, 43),
(10470, 'Did you watch the game last night?', '2024-04-10', 41, 44),
(10471, 'Remember to pick up some milk on your way home.', '2023-03-15', 44, 41),
(10472, 'I am thinking of redecorating my living room.', '2023-09-25', 44, 41),
(10475, 'Lets grab lunch together tomorrow.', '2023-10-23', 41, 45),
(10476, 'Im so tired, I need a vacation!', '2023-06-15', 41, 45),
(10477, 'Have you seen the latest episode of that TV show?', '2023-10-12', 41, 45),
(10478, 'How was your meeting this morning?', '2024-01-31', 45, 41),
(10480, 'Lets go for a hike this weekend.', '2023-10-09', 46, 41),
(10495, 'Do you want to join my book club?', '2023-05-05', 49, 41),
(10496, 'Lets plan a movie night soon.', '2023-05-10', 41, 49),
(10500, 'Did you watch the game last night?', '2023-04-06', 41, 50),
(10501, 'What is your favorite movie genre?', '2023-05-25', 50, 41),
(10502, 'Im thinking of starting a new hobby.', '2023-09-04', 50, 41),
(10503, 'Remember to pick up some milk on your way home.', '2023-01-24', 50, 41),
(10504, 'I am excited about our upcoming trip!', '2023-12-09', 50, 41),
(10740, 'Do you want to join my book club?', '2024-01-27', 48, 42),
(10745, 'What is your favorite movie genre?', '2023-05-14', 49, 42),
(10746, 'I am thinking of redecorating my living room.', '2024-03-19', 42, 49),
(10980, 'Did you hear about the new exhibition at the museum?', '2023-02-10', 46, 43),
(10981, 'I am excited about our upcoming trip!', '2023-03-14', 43, 46),
(10982, 'Did you hear about the new exhibition at the museum?', '2023-12-15', 46, 43),
(10985, 'Have you seen the latest episode of that TV show?', '2023-10-15', 43, 47),
(10986, 'Hello, how are you?', '2024-04-21', 43, 47),
(10990, 'Are you free for a coffee this afternoon?', '2023-09-22', 43, 48),
(11000, 'Do you want to join my book club?', '2023-05-18', 43, 50),
(11001, 'What is your favorite movie genre?', '2023-05-21', 50, 43),
(11245, 'Did you watch the game last night?', '2024-05-23', 49, 44),
(11246, 'Did you hear about the new exhibition at the museum?', '2023-10-18', 44, 49),
(11247, 'Lets go for a hike this weekend.', '2024-04-20', 44, 49),
(11248, 'I heard it is going to rain tomorrow.', '2024-05-11', 44, 49),
(11250, 'I cant believe it is already Thursday.', '2023-07-14', 44, 50),
(11490, 'Remember to pick up some milk on your way home.', '2023-03-20', 48, 45),
(11491, 'Lets grab lunch together tomorrow.', '2023-09-03', 45, 48),
(11495, 'Remember to pick up some milk on your way home.', '2023-09-22', 45, 49),
(11496, 'I am thinking of redecorating my living room.', '2024-04-16', 45, 49),
(11497, 'Have you ever been to that concert venue?', '2024-01-14', 49, 45),
(11498, 'Have you ever been to that concert venue?', '2023-10-15', 49, 45),
(11499, 'Im thinking of starting a new hobby.', '2023-10-18', 49, 45),
(11735, 'Lets organize a barbecue this weekend.', '2023-08-18', 46, 47),
(11990, 'I am craving pizza tonight!', '2023-06-17', 47, 48),
(11991, 'Dont forget to call your mom on her birthday.', '2023-08-20', 47, 48),
(11995, 'Lets plan a movie night soon.', '2023-05-15', 47, 49),
(12000, 'Lets organize a barbecue this weekend.', '2023-01-31', 47, 50),
(12001, 'I hope you are having a great day!', '2024-03-24', 47, 50),
(12002, 'What is your favorite movie genre?', '2023-07-18', 47, 50),
(12003, 'I am excited about our upcoming trip!', '2023-10-07', 50, 47),
(12004, 'Hello, how are you?', '2024-04-08', 50, 47),
(12250, 'I am craving pizza tonight!', '2023-09-09', 48, 50),
(1, 'I am craving pizza tonight!', '2023-05-30', 50, 49);
INSERT INTO notification (id, user_from, date, read_status, type, user_id) VALUES
(104, 1,  '2023-01-16', 1, 'MESSAGE', 2),
(105, 2,  '2024-05-05', 0, 'FRIEND_REQUEST', 1),
(108, 1,  '2023-03-08', 1, 'MESSAGE', 4),
(109, 4,  '2024-01-07', 0, 'FRIEND_REQUEST_ACCEPTANCE', 1),
(116, 1,  '2023-09-25', 1, 'FRIEND_REQUEST', 8),
(117, 8,  '2024-03-28', 0, 'FRIEND_REQUEST_ACCEPTANCE', 1),
(120, 1,  '2023-05-12', 1, 'FRIEND_REQUEST_ACCEPTANCE', 10),
(121, 10,  '2024-01-28', 0, 'FRIEND_REQUEST', 1),
(124, 1,  '2023-07-14', 1, 'FRIEND_REQUEST', 12),
(125, 12,  '2024-03-17', 0, 'FRIEND_REQUEST_ACCEPTANCE', 1),
(126, 1,  '2023-03-11', 1, 'FRIEND_REQUEST', 13),
(127, 13,  '2024-05-08', 0, 'FRIEND_REQUEST', 1),
(138, 1,  '2023-05-02', 1, 'MESSAGE', 19),
(139, 19,  '2024-04-19', 0, 'MESSAGE', 1),
(142, 1,  '2023-11-14', 1, 'MESSAGE', 21),
(143, 21,  '2024-01-20', 0, 'FRIEND_REQUEST', 1),
(144, 1,  '2023-07-08', 1, 'MESSAGE', 22),
(145, 22,  '2024-02-26', 0, 'MESSAGE', 1),
(154, 1,  '2023-01-15', 1, 'FRIEND_REQUEST_ACCEPTANCE', 27),
(155, 27,  '2024-02-07', 0, 'FRIEND_REQUEST_ACCEPTANCE', 1),
(156, 1,  '2023-01-30', 1, 'MESSAGE', 28),
(157, 28,  '2024-03-20', 0, 'FRIEND_REQUEST_ACCEPTANCE', 1),
(158, 1,  '2023-01-19', 1, 'MESSAGE', 29),
(159, 29,  '2024-05-01', 0, 'FRIEND_REQUEST', 1),
(160, 1,  '2023-11-30', 1, 'MESSAGE', 30),
(161, 30,  '2024-04-23', 0, 'MESSAGE', 1),
(164, 1,  '2023-03-29', 1, 'FRIEND_REQUEST_ACCEPTANCE', 32),
(165, 32,  '2024-05-22', 0, 'FRIEND_REQUEST', 1),
(166, 1,  '2023-01-11', 1, 'MESSAGE', 33),
(167, 33,  '2024-03-29', 0, 'FRIEND_REQUEST', 1),
(168, 1,  '2023-06-01', 1, 'MESSAGE', 34),
(169, 34,  '2024-04-13', 0, 'FRIEND_REQUEST', 1),
(170, 1,  '2023-12-06', 1, 'FRIEND_REQUEST', 35),
(171, 35,  '2024-04-14', 0, 'FRIEND_REQUEST', 1),
(180, 1,  '2023-03-15', 1, 'FRIEND_REQUEST_ACCEPTANCE', 40),
(181, 40,  '2024-03-04', 0, 'MESSAGE', 1),
(188, 1,  '2023-02-24', 1, 'MESSAGE', 44),
(189, 44,  '2024-02-20', 0, 'MESSAGE', 1),
(192, 1,  '2023-04-11', 1, 'FRIEND_REQUEST_ACCEPTANCE', 46),
(193, 46,  '2024-01-13', 0, 'FRIEND_REQUEST_ACCEPTANCE', 1),
(194, 1,  '2023-04-28', 1, 'FRIEND_REQUEST', 47),
(195, 47,  '2024-01-25', 0, 'FRIEND_REQUEST', 1),
(196, 1,  '2023-04-10', 1, 'FRIEND_REQUEST', 48),
(197, 48,  '2024-03-18', 0, 'FRIEND_REQUEST_ACCEPTANCE', 1),
(198, 1,  '2023-05-10', 1, 'FRIEND_REQUEST_ACCEPTANCE', 49),
(199, 49,  '2024-04-08', 0, 'FRIEND_REQUEST', 1),
(208, 2,  '2023-11-13', 1, 'FRIEND_REQUEST', 4),
(209, 4,  '2024-03-31', 0, 'FRIEND_REQUEST', 2),
(220, 2,  '2023-10-17', 1, 'FRIEND_REQUEST_ACCEPTANCE', 10),
(221, 10,  '2024-05-03', 0, 'FRIEND_REQUEST_ACCEPTANCE', 2),
(224, 2,  '2023-02-13', 1, 'FRIEND_REQUEST_ACCEPTANCE', 12),
(225, 12,  '2024-04-26', 0, 'FRIEND_REQUEST', 2),
(226, 2,  '2023-12-28', 1, 'FRIEND_REQUEST_ACCEPTANCE', 13),
(227, 13,  '2024-03-22', 0, 'FRIEND_REQUEST', 2),
(234, 2,  '2023-07-21', 1, 'FRIEND_REQUEST_ACCEPTANCE', 17),
(235, 17,  '2024-02-15', 0, 'FRIEND_REQUEST', 2),
(236, 2,  '2023-05-10', 1, 'FRIEND_REQUEST', 18),
(237, 18,  '2024-04-30', 0, 'FRIEND_REQUEST', 2),
(238, 2,  '2023-10-25', 1, 'FRIEND_REQUEST_ACCEPTANCE', 19),
(239, 19,  '2024-03-09', 0, 'FRIEND_REQUEST', 2),
(240, 2,  '2023-09-20', 1, 'MESSAGE', 20),
(241, 20,  '2024-04-27', 0, 'FRIEND_REQUEST_ACCEPTANCE', 2),
(244, 2,  '2023-01-01', 1, 'FRIEND_REQUEST', 22),
(245, 22,  '2024-04-22', 0, 'FRIEND_REQUEST', 2),
(248, 2,  '2023-05-28', 1, 'FRIEND_REQUEST_ACCEPTANCE', 24),
(249, 24,  '2024-03-08', 0, 'MESSAGE', 2),
(250, 2,  '2023-11-09', 1, 'MESSAGE', 25),
(251, 25,  '2024-04-02', 0, 'FRIEND_REQUEST', 2),
(256, 2,  '2023-11-23', 1, 'FRIEND_REQUEST', 28),
(257, 28,  '2024-03-05', 0, 'FRIEND_REQUEST', 2),
(260, 2,  '2023-08-13', 1, 'FRIEND_REQUEST', 30),
(261, 30,  '2024-01-12', 0, 'FRIEND_REQUEST', 2),
(262, 2,  '2023-11-30', 1, 'FRIEND_REQUEST_ACCEPTANCE', 31),
(263, 31,  '2024-02-29', 0, 'FRIEND_REQUEST', 2),
(268, 2,  '2023-05-31', 1, 'FRIEND_REQUEST', 34),
(269, 34,  '2024-05-20', 0, 'FRIEND_REQUEST', 2),
(270, 2,  '2023-05-23', 1, 'MESSAGE', 35),
(271, 35,  '2024-04-03', 0, 'FRIEND_REQUEST_ACCEPTANCE', 2),
(272, 2,  '2023-08-16', 1, 'FRIEND_REQUEST', 36),
(273, 36,  '2024-05-11', 0, 'FRIEND_REQUEST', 2),
(278, 2,  '2023-02-07', 1, 'FRIEND_REQUEST_ACCEPTANCE', 39),
(279, 39,  '2024-03-08', 0, 'FRIEND_REQUEST', 2),
(288, 2,  '2023-05-11', 1, 'MESSAGE', 44),
(289, 44,  '2024-01-02', 0, 'FRIEND_REQUEST', 2),
(292, 2,  '2023-09-04', 1, 'FRIEND_REQUEST', 46),
(293, 46,  '2024-02-09', 0, 'MESSAGE', 2),
(294, 2,  '2023-09-25', 1, 'MESSAGE', 47),
(295, 47,  '2024-04-25', 0, 'MESSAGE', 2),
(296, 2,  '2023-01-25', 1, 'MESSAGE', 48),
(297, 48,  '2024-02-06', 0, 'MESSAGE', 2),
(300, 2,  '2023-03-03', 1, 'FRIEND_REQUEST', 50),
(301, 50,  '2024-02-20', 0, 'FRIEND_REQUEST', 2),
(316, 3,  '2023-11-13', 1, 'FRIEND_REQUEST_ACCEPTANCE', 8),
(317, 8,  '2024-01-30', 0, 'MESSAGE', 3),
(322, 3,  '2023-11-30', 1, 'FRIEND_REQUEST', 11),
(323, 11,  '2024-04-04', 0, 'FRIEND_REQUEST_ACCEPTANCE', 3),
(324, 3,  '2023-01-15', 1, 'FRIEND_REQUEST_ACCEPTANCE', 12),
(325, 12,  '2024-05-14', 0, 'FRIEND_REQUEST', 3),
(330, 3,  '2023-07-07', 1, 'FRIEND_REQUEST', 15),
(331, 15,  '2024-01-30', 0, 'FRIEND_REQUEST', 3),
(332, 3,  '2023-08-09', 1, 'FRIEND_REQUEST', 16),
(333, 16,  '2024-05-24', 0, 'FRIEND_REQUEST', 3),
(336, 3,  '2023-05-25', 1, 'MESSAGE', 18),
(337, 18,  '2024-05-18', 0, 'MESSAGE', 3),
(338, 3,  '2023-05-13', 1, 'FRIEND_REQUEST', 19),
(339, 19,  '2024-04-19', 0, 'FRIEND_REQUEST', 3),
(340, 3,  '2023-12-09', 1, 'MESSAGE', 20),
(341, 20,  '2024-03-30', 0, 'FRIEND_REQUEST', 3),
(342, 3,  '2023-04-26', 1, 'MESSAGE', 21),
(343, 21,  '2024-01-25', 0, 'FRIEND_REQUEST_ACCEPTANCE', 3),
(344, 3,  '2023-10-23', 1, 'FRIEND_REQUEST_ACCEPTANCE', 22),
(345, 22,  '2024-02-18', 0, 'FRIEND_REQUEST_ACCEPTANCE', 3),
(346, 3,  '2023-08-12', 1, 'FRIEND_REQUEST', 23),
(347, 23,  '2024-04-22', 0, 'FRIEND_REQUEST_ACCEPTANCE', 3),
(348, 3,  '2023-04-12', 1, 'FRIEND_REQUEST_ACCEPTANCE', 24),
(349, 24,  '2024-05-24', 0, 'FRIEND_REQUEST_ACCEPTANCE', 3),
(350, 3,  '2023-01-31', 1, 'FRIEND_REQUEST_ACCEPTANCE', 25),
(351, 25,  '2024-05-18', 0, 'FRIEND_REQUEST', 3),
(352, 3,  '2023-09-15', 1, 'FRIEND_REQUEST', 26),
(353, 26,  '2024-05-06', 0, 'FRIEND_REQUEST', 3),
(356, 3,  '2023-09-28', 1, 'FRIEND_REQUEST_ACCEPTANCE', 28),
(357, 28,  '2024-04-19', 0, 'FRIEND_REQUEST', 3),
(360, 3,  '2023-03-07', 1, 'MESSAGE', 30),
(361, 30,  '2024-03-19', 0, 'MESSAGE', 3),
(364, 3,  '2023-09-04', 1, 'MESSAGE', 32),
(365, 32,  '2024-03-24', 0, 'MESSAGE', 3),
(366, 3,  '2023-08-19', 1, 'MESSAGE', 33),
(367, 33,  '2024-04-11', 0, 'MESSAGE', 3),
(368, 3,  '2023-04-23', 1, 'FRIEND_REQUEST', 34),
(369, 34,  '2024-02-03', 0, 'FRIEND_REQUEST', 3),
(372, 3,  '2023-07-23', 1, 'FRIEND_REQUEST_ACCEPTANCE', 36),
(373, 36,  '2024-01-02', 0, 'FRIEND_REQUEST_ACCEPTANCE', 3),
(378, 3,  '2023-05-13', 1, 'FRIEND_REQUEST_ACCEPTANCE', 39),
(379, 39,  '2024-04-14', 0, 'FRIEND_REQUEST_ACCEPTANCE', 3),
(384, 3,  '2023-09-16', 1, 'MESSAGE', 42),
(385, 42,  '2024-01-25', 0, 'MESSAGE', 3),
(386, 3,  '2023-05-28', 1, 'FRIEND_REQUEST', 43),
(387, 43,  '2024-02-17', 0, 'FRIEND_REQUEST', 3),
(396, 3,  '2023-03-10', 1, 'FRIEND_REQUEST_ACCEPTANCE', 48),
(397, 48,  '2024-05-01', 0, 'FRIEND_REQUEST', 3),
(398, 3,  '2023-02-11', 1, 'FRIEND_REQUEST', 49),
(399, 49,  '2024-02-11', 0, 'MESSAGE', 3),
(412, 4,  '2023-03-04', 1, 'FRIEND_REQUEST_ACCEPTANCE', 6),
(413, 6,  '2024-01-20', 0, 'FRIEND_REQUEST', 4),
(414, 4,  '2023-08-19', 1, 'FRIEND_REQUEST_ACCEPTANCE', 7),
(415, 7,  '2024-01-23', 0, 'MESSAGE', 4),
(418, 4,  '2023-12-15', 1, 'FRIEND_REQUEST', 9),
(419, 9,  '2024-04-21', 0, 'FRIEND_REQUEST_ACCEPTANCE', 4),
(422, 4,  '2023-02-18', 1, 'FRIEND_REQUEST', 11),
(423, 11,  '2024-03-11', 0, 'MESSAGE', 4),
(428, 4,  '2023-05-30', 1, 'MESSAGE', 14),
(429, 14,  '2024-02-17', 0, 'MESSAGE', 4),
(430, 4,  '2023-06-04', 1, 'FRIEND_REQUEST_ACCEPTANCE', 15),
(431, 15,  '2024-01-15', 0, 'FRIEND_REQUEST_ACCEPTANCE', 4),
(434, 4,  '2023-05-17', 1, 'MESSAGE', 17),
(435, 17,  '2024-04-23', 0, 'FRIEND_REQUEST', 4),
(438, 4,  '2023-12-24', 1, 'FRIEND_REQUEST', 19),
(439, 19,  '2024-03-30', 0, 'FRIEND_REQUEST', 4),
(440, 4,  '2023-03-01', 1, 'FRIEND_REQUEST', 20),
(441, 20,  '2024-02-01', 0, 'FRIEND_REQUEST', 4),
(442, 4,  '2023-11-03', 1, 'MESSAGE', 21),
(443, 21,  '2024-05-10', 0, 'MESSAGE', 4),
(446, 4,  '2023-11-19', 1, 'FRIEND_REQUEST', 23),
(447, 23,  '2024-02-17', 0, 'FRIEND_REQUEST', 4),
(452, 4,  '2023-05-24', 1, 'FRIEND_REQUEST', 26),
(453, 26,  '2024-01-15', 0, 'FRIEND_REQUEST_ACCEPTANCE', 4),
(458, 4,  '2023-06-14', 1, 'FRIEND_REQUEST', 29),
(459, 29,  '2024-05-11', 0, 'FRIEND_REQUEST', 4),
(460, 4,  '2023-01-18', 1, 'FRIEND_REQUEST_ACCEPTANCE', 30),
(461, 30,  '2024-04-20', 0, 'FRIEND_REQUEST', 4),
(462, 4,  '2024-01-01', 1, 'FRIEND_REQUEST', 31),
(463, 31,  '2024-03-29', 0, 'FRIEND_REQUEST', 4),
(466, 4,  '2023-07-12', 1, 'MESSAGE', 33),
(467, 33,  '2024-02-08', 0, 'FRIEND_REQUEST', 4),
(470, 4,  '2023-06-18', 1, 'MESSAGE', 35),
(471, 35,  '2024-04-11', 0, 'FRIEND_REQUEST_ACCEPTANCE', 4),
(472, 4,  '2023-11-28', 1, 'FRIEND_REQUEST_ACCEPTANCE', 36),
(473, 36,  '2024-04-08', 0, 'FRIEND_REQUEST_ACCEPTANCE', 4),
(476, 4,  '2023-08-13', 1, 'MESSAGE', 38),
(477, 38,  '2024-03-20', 0, 'FRIEND_REQUEST', 4),
(478, 4,  '2023-10-28', 1, 'FRIEND_REQUEST', 39),
(479, 39,  '2024-05-17', 0, 'FRIEND_REQUEST_ACCEPTANCE', 4),
(480, 4,  '2023-09-03', 1, 'MESSAGE', 40),
(481, 40,  '2024-02-19', 0, 'MESSAGE', 4),
(482, 4,  '2023-08-09', 1, 'MESSAGE', 41),
(483, 41,  '2024-01-24', 0, 'FRIEND_REQUEST_ACCEPTANCE', 4),
(484, 4,  '2023-05-22', 1, 'MESSAGE', 42),
(485, 42,  '2024-04-28', 0, 'FRIEND_REQUEST_ACCEPTANCE', 4),
(492, 4,  '2023-07-13', 1, 'FRIEND_REQUEST_ACCEPTANCE', 46),
(493, 46,  '2024-02-15', 0, 'FRIEND_REQUEST_ACCEPTANCE', 4),
(494, 4,  '2023-02-01', 1, 'FRIEND_REQUEST', 47),
(495, 47,  '2024-04-24', 0, 'FRIEND_REQUEST_ACCEPTANCE', 4),
(496, 4,  '2023-08-26', 1, 'MESSAGE', 48),
(497, 48,  '2024-02-04', 0, 'MESSAGE', 4),
(500, 4,  '2023-10-18', 1, 'FRIEND_REQUEST', 50),
(501, 50,  '2024-04-18', 0, 'MESSAGE', 4),
(512, 5,  '2023-03-16', 1, 'MESSAGE', 6),
(513, 6,  '2024-01-09', 0, 'FRIEND_REQUEST_ACCEPTANCE', 5),
(514, 5,  '2023-06-13', 1, 'FRIEND_REQUEST_ACCEPTANCE', 7),
(515, 7,  '2024-04-18', 0, 'MESSAGE', 5),
(516, 5,  '2023-07-16', 1, 'FRIEND_REQUEST', 8),
(517, 8,  '2024-04-09', 0, 'MESSAGE', 5),
(520, 5,  '2023-02-17', 1, 'MESSAGE', 10),
(521, 10,  '2024-04-17', 0, 'FRIEND_REQUEST_ACCEPTANCE', 5),
(522, 5,  '2023-04-12', 1, 'FRIEND_REQUEST', 11),
(523, 11,  '2024-03-18', 0, 'FRIEND_REQUEST', 5),
(526, 5,  '2023-03-31', 1, 'MESSAGE', 13),
(527, 13,  '2024-02-19', 0, 'FRIEND_REQUEST', 5),
(528, 5,  '2023-12-21', 1, 'FRIEND_REQUEST', 14),
(529, 14,  '2024-04-19', 0, 'FRIEND_REQUEST', 5),
(536, 5,  '2023-10-14', 1, 'FRIEND_REQUEST_ACCEPTANCE', 18),
(537, 18,  '2024-02-21', 0, 'MESSAGE', 5),
(538, 5,  '2023-12-13', 1, 'FRIEND_REQUEST', 19),
(539, 19,  '2024-02-23', 0, 'FRIEND_REQUEST_ACCEPTANCE', 5),
(540, 5,  '2023-12-02', 1, 'FRIEND_REQUEST_ACCEPTANCE', 20),
(541, 20,  '2024-05-03', 0, 'FRIEND_REQUEST', 5),
(542, 5,  '2023-06-25', 1, 'FRIEND_REQUEST', 21),
(543, 21,  '2024-02-09', 0, 'MESSAGE', 5),
(550, 5,  '2023-09-04', 1, 'MESSAGE', 25),
(551, 25,  '2024-05-08', 0, 'FRIEND_REQUEST_ACCEPTANCE', 5),
(552, 5,  '2023-10-03', 1, 'FRIEND_REQUEST_ACCEPTANCE', 26),
(553, 26,  '2024-02-15', 0, 'FRIEND_REQUEST', 5),
(554, 5,  '2023-07-25', 1, 'FRIEND_REQUEST_ACCEPTANCE', 27),
(555, 27,  '2024-01-03', 0, 'MESSAGE', 5),
(556, 5,  '2023-02-19', 1, 'MESSAGE', 28),
(557, 28,  '2024-02-03', 0, 'FRIEND_REQUEST', 5),
(568, 5,  '2023-07-02', 1, 'FRIEND_REQUEST_ACCEPTANCE', 34),
(569, 34,  '2024-04-16', 0, 'MESSAGE', 5),
(570, 5,  '2023-01-29', 1, 'FRIEND_REQUEST', 35),
(571, 35,  '2024-03-15', 0, 'FRIEND_REQUEST_ACCEPTANCE', 5),
(572, 5,  '2023-04-01', 1, 'MESSAGE', 36),
(573, 36,  '2024-05-09', 0, 'FRIEND_REQUEST', 5),
(576, 5,  '2023-12-25', 1, 'FRIEND_REQUEST_ACCEPTANCE', 38),
(577, 38,  '2024-04-16', 0, 'FRIEND_REQUEST', 5),
(582, 5,  '2023-08-08', 1, 'FRIEND_REQUEST', 41),
(583, 41,  '2024-01-15', 0, 'MESSAGE', 5),
(586, 5,  '2023-03-28', 1, 'FRIEND_REQUEST_ACCEPTANCE', 43),
(587, 43,  '2024-03-28', 0, 'FRIEND_REQUEST', 5),
(596, 5,  '2023-04-24', 1, 'MESSAGE', 48),
(597, 48,  '2024-02-11', 0, 'FRIEND_REQUEST', 5),
(598, 5,  '2023-11-18', 1, 'MESSAGE', 49),
(599, 49,  '2024-04-14', 0, 'MESSAGE', 5),
(600, 5,  '2023-07-29', 1, 'FRIEND_REQUEST', 50),
(601, 50,  '2024-02-03', 0, 'MESSAGE', 5),
(618, 6,  '2023-12-13', 1, 'MESSAGE', 9),
(619, 9,  '2024-04-23', 0, 'MESSAGE', 6),
(620, 6,  '2023-06-09', 1, 'MESSAGE', 10),
(621, 10,  '2024-02-02', 0, 'FRIEND_REQUEST_ACCEPTANCE', 6),
(622, 6,  '2023-12-18', 1, 'FRIEND_REQUEST', 11),
(623, 11,  '2024-02-09', 0, 'FRIEND_REQUEST', 6),
(624, 6,  '2023-02-09', 1, 'MESSAGE', 12),
(625, 12,  '2024-02-29', 0, 'FRIEND_REQUEST', 6),
(626, 6,  '2023-02-19', 1, 'FRIEND_REQUEST_ACCEPTANCE', 13),
(627, 13,  '2024-03-19', 0, 'FRIEND_REQUEST_ACCEPTANCE', 6),
(628, 6,  '2023-03-05', 1, 'FRIEND_REQUEST', 14),
(629, 14,  '2024-04-04', 0, 'MESSAGE', 6),
(632, 6,  '2023-05-19', 1, 'FRIEND_REQUEST', 16),
(633, 16,  '2024-04-21', 0, 'FRIEND_REQUEST_ACCEPTANCE', 6),
(634, 6,  '2023-03-17', 1, 'FRIEND_REQUEST_ACCEPTANCE', 17),
(635, 17,  '2024-05-09', 0, 'MESSAGE', 6),
(642, 6,  '2023-07-10', 1, 'MESSAGE', 21),
(643, 21,  '2024-01-21', 0, 'FRIEND_REQUEST', 6),
(648, 6,  '2023-12-06', 1, 'FRIEND_REQUEST', 24),
(649, 24,  '2024-03-20', 0, 'FRIEND_REQUEST_ACCEPTANCE', 6),
(652, 6,  '2023-05-02', 1, 'FRIEND_REQUEST', 26),
(653, 26,  '2024-05-15', 0, 'MESSAGE', 6),
(656, 6,  '2023-04-02', 1, 'FRIEND_REQUEST', 28),
(657, 28,  '2024-04-23', 0, 'FRIEND_REQUEST_ACCEPTANCE', 6),
(658, 6,  '2023-03-26', 1, 'FRIEND_REQUEST_ACCEPTANCE', 29),
(659, 29,  '2024-01-13', 0, 'MESSAGE', 6),
(662, 6,  '2023-12-18', 1, 'MESSAGE', 31),
(663, 31,  '2024-03-02', 0, 'MESSAGE', 6),
(664, 6,  '2023-08-13', 1, 'FRIEND_REQUEST', 32),
(665, 32,  '2024-04-16', 0, 'MESSAGE', 6),
(668, 6,  '2023-12-05', 1, 'FRIEND_REQUEST', 34),
(669, 34,  '2024-05-10', 0, 'FRIEND_REQUEST', 6),
(678, 6,  '2023-02-26', 1, 'MESSAGE', 39),
(679, 39,  '2024-01-21', 0, 'MESSAGE', 6),
(680, 6,  '2023-01-19', 1, 'FRIEND_REQUEST_ACCEPTANCE', 40),
(681, 40,  '2024-02-07', 0, 'MESSAGE', 6),
(682, 6,  '2023-07-11', 1, 'MESSAGE', 41),
(683, 41,  '2024-05-17', 0, 'MESSAGE', 6),
(686, 6,  '2023-04-28', 1, 'FRIEND_REQUEST_ACCEPTANCE', 43),
(687, 43,  '2024-05-27', 0, 'FRIEND_REQUEST_ACCEPTANCE', 6),
(688, 6,  '2023-01-18', 1, 'MESSAGE', 44),
(689, 44,  '2024-02-17', 0, 'FRIEND_REQUEST_ACCEPTANCE', 6),
(690, 6,  '2023-09-08', 1, 'FRIEND_REQUEST', 45),
(691, 45,  '2024-02-29', 0, 'FRIEND_REQUEST', 6),
(696, 6,  '2023-04-24', 1, 'FRIEND_REQUEST', 48),
(697, 48,  '2024-01-24', 0, 'FRIEND_REQUEST', 6),
(698, 6,  '2023-05-05', 1, 'FRIEND_REQUEST', 49),
(699, 49,  '2024-02-16', 0, 'FRIEND_REQUEST', 6),
(716, 7,  '2023-12-02', 1, 'FRIEND_REQUEST', 8),
(717, 8,  '2024-03-15', 0, 'FRIEND_REQUEST_ACCEPTANCE', 7),
(720, 7,  '2023-06-29', 1, 'FRIEND_REQUEST_ACCEPTANCE', 10),
(721, 10,  '2024-02-19', 0, 'FRIEND_REQUEST', 7),
(722, 7,  '2023-05-31', 1, 'MESSAGE', 11),
(723, 11,  '2024-05-21', 0, 'FRIEND_REQUEST_ACCEPTANCE', 7),
(726, 7,  '2023-01-31', 1, 'MESSAGE', 13),
(727, 13,  '2024-04-12', 0, 'FRIEND_REQUEST_ACCEPTANCE', 7),
(728, 7,  '2023-04-16', 1, 'FRIEND_REQUEST', 14),
(729, 14,  '2024-03-12', 0, 'FRIEND_REQUEST', 7),
(730, 7,  '2023-06-23', 1, 'FRIEND_REQUEST_ACCEPTANCE', 15),
(731, 15,  '2024-02-03', 0, 'FRIEND_REQUEST', 7),
(732, 7,  '2023-10-05', 1, 'FRIEND_REQUEST', 16),
(733, 16,  '2024-01-26', 0, 'MESSAGE', 7),
(736, 7,  '2023-05-10', 1, 'FRIEND_REQUEST_ACCEPTANCE', 18),
(737, 18,  '2024-05-10', 0, 'MESSAGE', 7),
(738, 7,  '2023-02-12', 1, 'FRIEND_REQUEST_ACCEPTANCE', 19),
(739, 19,  '2024-04-20', 0, 'MESSAGE', 7),
(740, 7,  '2023-01-29', 1, 'MESSAGE', 20),
(741, 20,  '2024-04-10', 0, 'FRIEND_REQUEST', 7),
(744, 7,  '2023-05-03', 1, 'MESSAGE', 22),
(745, 22,  '2024-03-13', 0, 'FRIEND_REQUEST_ACCEPTANCE', 7),
(746, 7,  '2023-01-10', 1, 'MESSAGE', 23),
(747, 23,  '2024-02-19', 0, 'FRIEND_REQUEST', 7),
(750, 7,  '2023-04-14', 1, 'FRIEND_REQUEST_ACCEPTANCE', 25),
(751, 25,  '2024-02-21', 0, 'MESSAGE', 7),
(754, 7,  '2023-05-20', 1, 'FRIEND_REQUEST_ACCEPTANCE', 27),
(755, 27,  '2024-01-27', 0, 'MESSAGE', 7),
(760, 7,  '2023-01-12', 1, 'FRIEND_REQUEST', 30),
(761, 30,  '2024-04-08', 0, 'MESSAGE', 7),
(764, 7,  '2023-01-23', 1, 'MESSAGE', 32),
(765, 32,  '2024-03-04', 0, 'FRIEND_REQUEST_ACCEPTANCE', 7),
(766, 7,  '2023-05-13', 1, 'FRIEND_REQUEST', 33),
(767, 33,  '2024-04-28', 0, 'MESSAGE', 7),
(772, 7,  '2023-05-28', 1, 'FRIEND_REQUEST', 36),
(773, 36,  '2024-04-19', 0, 'MESSAGE', 7),
(774, 7,  '2023-06-10', 1, 'MESSAGE', 37),
(775, 37,  '2024-04-05', 0, 'FRIEND_REQUEST', 7),
(776, 7,  '2023-04-03', 1, 'FRIEND_REQUEST', 38),
(777, 38,  '2024-02-05', 0, 'FRIEND_REQUEST', 7),
(778, 7,  '2023-10-21', 1, 'FRIEND_REQUEST_ACCEPTANCE', 39),
(779, 39,  '2024-01-02', 0, 'FRIEND_REQUEST', 7),
(782, 7,  '2023-12-18', 1, 'FRIEND_REQUEST_ACCEPTANCE', 41),
(783, 41,  '2024-03-17', 0, 'FRIEND_REQUEST_ACCEPTANCE', 7),
(786, 7,  '2023-05-30', 1, 'MESSAGE', 43),
(787, 43,  '2024-02-14', 0, 'FRIEND_REQUEST_ACCEPTANCE', 7),
(788, 7,  '2023-12-07', 1, 'FRIEND_REQUEST', 44),
(789, 44,  '2024-05-12', 0, 'FRIEND_REQUEST', 7),
(792, 7,  '2023-09-29', 1, 'FRIEND_REQUEST_ACCEPTANCE', 46),
(793, 46,  '2024-04-05', 0, 'FRIEND_REQUEST_ACCEPTANCE', 7),
(798, 7,  '2023-11-03', 1, 'FRIEND_REQUEST', 49),
(799, 49,  '2024-04-10', 0, 'FRIEND_REQUEST_ACCEPTANCE', 7),
(818, 8,  '2023-09-07', 1, 'FRIEND_REQUEST', 9),
(819, 9,  '2024-05-11', 0, 'MESSAGE', 8),
(820, 8,  '2023-08-21', 1, 'FRIEND_REQUEST', 10),
(821, 10,  '2024-03-17', 0, 'FRIEND_REQUEST_ACCEPTANCE', 8),
(822, 8,  '2023-10-01', 1, 'FRIEND_REQUEST_ACCEPTANCE', 11),
(823, 11,  '2024-05-06', 0, 'FRIEND_REQUEST', 8),
(828, 8,  '2023-06-17', 1, 'MESSAGE', 14),
(829, 14,  '2024-03-27', 0, 'FRIEND_REQUEST', 8),
(832, 8,  '2023-07-15', 1, 'FRIEND_REQUEST', 16),
(833, 16,  '2024-01-09', 0, 'FRIEND_REQUEST', 8),
(838, 8,  '2023-10-16', 1, 'MESSAGE', 19),
(839, 19,  '2024-04-24', 0, 'FRIEND_REQUEST', 8),
(840, 8,  '2023-09-15', 1, 'FRIEND_REQUEST_ACCEPTANCE', 20),
(841, 20,  '2024-05-13', 0, 'MESSAGE', 8),
(844, 8,  '2023-08-04', 1, 'FRIEND_REQUEST_ACCEPTANCE', 22),
(845, 22,  '2024-05-24', 0, 'MESSAGE', 8),
(846, 8,  '2023-02-07', 1, 'FRIEND_REQUEST', 23),
(847, 23,  '2024-04-13', 0, 'FRIEND_REQUEST', 8),
(848, 8,  '2023-09-29', 1, 'FRIEND_REQUEST', 24),
(849, 24,  '2024-04-22', 0, 'FRIEND_REQUEST_ACCEPTANCE', 8),
(852, 8,  '2023-04-07', 1, 'MESSAGE', 26),
(853, 26,  '2024-04-17', 0, 'FRIEND_REQUEST_ACCEPTANCE', 8),
(854, 8,  '2023-03-21', 1, 'FRIEND_REQUEST_ACCEPTANCE', 27),
(855, 27,  '2024-02-16', 0, 'FRIEND_REQUEST', 8),
(858, 8,  '2023-06-18', 1, 'FRIEND_REQUEST', 29),
(859, 29,  '2024-03-12', 0, 'FRIEND_REQUEST_ACCEPTANCE', 8),
(862, 8,  '2023-10-22', 1, 'FRIEND_REQUEST', 31),
(863, 31,  '2024-03-12', 0, 'FRIEND_REQUEST_ACCEPTANCE', 8),
(864, 8,  '2023-02-10', 1, 'FRIEND_REQUEST_ACCEPTANCE', 32),
(865, 32,  '2024-05-01', 0, 'FRIEND_REQUEST_ACCEPTANCE', 8),
(868, 8,  '2023-12-04', 1, 'FRIEND_REQUEST', 34),
(869, 34,  '2024-04-16', 0, 'FRIEND_REQUEST', 8),
(870, 8,  '2023-07-17', 1, 'FRIEND_REQUEST', 35),
(871, 35,  '2024-05-20', 0, 'MESSAGE', 8),
(874, 8,  '2023-06-30', 1, 'MESSAGE', 37),
(875, 37,  '2024-04-01', 0, 'FRIEND_REQUEST', 8),
(878, 8,  '2023-01-12', 1, 'FRIEND_REQUEST_ACCEPTANCE', 39),
(879, 39,  '2024-03-08', 0, 'FRIEND_REQUEST_ACCEPTANCE', 8),
(884, 8,  '2023-03-24', 1, 'FRIEND_REQUEST_ACCEPTANCE', 42),
(885, 42,  '2024-03-10', 0, 'FRIEND_REQUEST', 8),
(886, 8,  '2023-10-10', 1, 'MESSAGE', 43),
(887, 43,  '2024-02-13', 0, 'FRIEND_REQUEST', 8),
(888, 8,  '2023-05-01', 1, 'MESSAGE', 44),
(889, 44,  '2024-03-30', 0, 'MESSAGE', 8),
(894, 8,  '2023-06-15', 1, 'MESSAGE', 47),
(895, 47,  '2024-04-26', 0, 'FRIEND_REQUEST', 8),
(896, 8,  '2023-10-06', 1, 'FRIEND_REQUEST', 48),
(897, 48,  '2024-03-14', 0, 'FRIEND_REQUEST_ACCEPTANCE', 8),
(920, 9,  '2023-09-05', 1, 'MESSAGE', 10),
(921, 10,  '2024-04-09', 0, 'FRIEND_REQUEST', 9),
(922, 9,  '2023-08-19', 1, 'FRIEND_REQUEST', 11),
(923, 11,  '2024-03-19', 0, 'FRIEND_REQUEST', 9),
(924, 9,  '2023-01-20', 1, 'FRIEND_REQUEST', 12),
(925, 12,  '2024-05-15', 0, 'FRIEND_REQUEST', 9),
(926, 9,  '2023-09-10', 1, 'FRIEND_REQUEST', 13),
(927, 13,  '2024-04-21', 0, 'FRIEND_REQUEST_ACCEPTANCE', 9),
(928, 9,  '2023-03-31', 1, 'MESSAGE', 14),
(929, 14,  '2024-03-28', 0, 'FRIEND_REQUEST_ACCEPTANCE', 9),
(932, 9,  '2023-05-07', 1, 'FRIEND_REQUEST_ACCEPTANCE', 16),
(933, 16,  '2024-04-22', 0, 'FRIEND_REQUEST', 9),
(934, 9,  '2023-04-01', 1, 'FRIEND_REQUEST', 17),
(935, 17,  '2024-03-23', 0, 'FRIEND_REQUEST', 9),
(936, 9,  '2023-08-06', 1, 'MESSAGE', 18),
(937, 18,  '2024-04-29', 0, 'FRIEND_REQUEST', 9),
(940, 9,  '2023-10-11', 1, 'FRIEND_REQUEST', 20),
(941, 20,  '2024-01-20', 0, 'MESSAGE', 9),
(942, 9,  '2023-03-14', 1, 'FRIEND_REQUEST_ACCEPTANCE', 21),
(943, 21,  '2024-02-04', 0, 'MESSAGE', 9),
(946, 9,  '2023-05-30', 1, 'FRIEND_REQUEST_ACCEPTANCE', 23),
(947, 23,  '2024-01-12', 0, 'MESSAGE', 9),
(948, 9,  '2023-03-25', 1, 'FRIEND_REQUEST', 24),
(949, 24,  '2024-05-06', 0, 'FRIEND_REQUEST', 9),
(950, 9,  '2023-08-17', 1, 'FRIEND_REQUEST_ACCEPTANCE', 25),
(951, 25,  '2024-05-22', 0, 'FRIEND_REQUEST_ACCEPTANCE', 9),
(952, 9,  '2023-04-20', 1, 'FRIEND_REQUEST_ACCEPTANCE', 26),
(953, 26,  '2024-04-13', 0, 'FRIEND_REQUEST', 9),
(960, 9,  '2023-05-17', 1, 'FRIEND_REQUEST_ACCEPTANCE', 30),
(961, 30,  '2024-03-06', 0, 'MESSAGE', 9),
(962, 9,  '2023-02-01', 1, 'FRIEND_REQUEST_ACCEPTANCE', 31),
(963, 31,  '2024-04-01', 0, 'MESSAGE', 9),
(970, 9,  '2023-07-02', 1, 'FRIEND_REQUEST_ACCEPTANCE', 35),
(971, 35,  '2024-04-27', 0, 'FRIEND_REQUEST', 9),
(972, 9,  '2023-09-28', 1, 'FRIEND_REQUEST_ACCEPTANCE', 36),
(973, 36,  '2024-04-26', 0, 'FRIEND_REQUEST_ACCEPTANCE', 9),
(976, 9,  '2023-07-10', 1, 'MESSAGE', 38),
(977, 38,  '2024-03-06', 0, 'FRIEND_REQUEST', 9),
(978, 9,  '2023-04-07', 1, 'FRIEND_REQUEST', 39),
(979, 39,  '2024-03-10', 0, 'FRIEND_REQUEST_ACCEPTANCE', 9),
(986, 9,  '2023-02-05', 1, 'MESSAGE', 43),
(987, 43,  '2024-05-17', 0, 'FRIEND_REQUEST', 9),
(988, 9,  '2023-05-24', 1, 'MESSAGE', 44),
(989, 44,  '2024-02-28', 0, 'MESSAGE', 9),
(990, 9,  '2023-11-09', 1, 'FRIEND_REQUEST', 45),
(991, 45,  '2024-02-13', 0, 'FRIEND_REQUEST', 9),
(992, 9,  '2023-07-03', 1, 'MESSAGE', 46),
(993, 46,  '2024-01-13', 0, 'FRIEND_REQUEST_ACCEPTANCE', 9),
(1000, 9,  '2023-03-20', 1, 'FRIEND_REQUEST_ACCEPTANCE', 50),
(1001, 50,  '2024-03-27', 0, 'FRIEND_REQUEST_ACCEPTANCE', 9),
(1022, 10,  '2023-09-08', 1, 'MESSAGE', 11),
(1023, 11,  '2024-04-21', 0, 'FRIEND_REQUEST_ACCEPTANCE', 10),
(1026, 10,  '2023-04-18', 1, 'FRIEND_REQUEST_ACCEPTANCE', 13),
(1027, 13,  '2024-01-29', 0, 'MESSAGE', 10),
(1030, 10,  '2023-12-13', 1, 'MESSAGE', 15),
(1031, 15,  '2024-05-23', 0, 'FRIEND_REQUEST_ACCEPTANCE', 10),
(1032, 10,  '2023-04-22', 1, 'MESSAGE', 16),
(1033, 16,  '2024-05-04', 0, 'FRIEND_REQUEST_ACCEPTANCE', 10),
(1034, 10,  '2023-09-24', 1, 'FRIEND_REQUEST', 17),
(1035, 17,  '2024-05-14', 0, 'FRIEND_REQUEST_ACCEPTANCE', 10),
(1038, 10,  '2023-05-19', 1, 'FRIEND_REQUEST', 19),
(1039, 19,  '2024-01-20', 0, 'FRIEND_REQUEST', 10),
(1042, 10,  '2023-01-19', 1, 'MESSAGE', 21),
(1043, 21,  '2024-05-27', 0, 'FRIEND_REQUEST_ACCEPTANCE', 10),
(1044, 10,  '2023-12-01', 1, 'FRIEND_REQUEST_ACCEPTANCE', 22),
(1045, 22,  '2024-02-24', 0, 'MESSAGE', 10),
(1050, 10,  '2023-01-27', 1, 'FRIEND_REQUEST_ACCEPTANCE', 25),
(1051, 25,  '2024-02-25', 0, 'FRIEND_REQUEST_ACCEPTANCE', 10),
(1052, 10,  '2023-02-17', 1, 'FRIEND_REQUEST_ACCEPTANCE', 26),
(1053, 26,  '2024-03-10', 0, 'MESSAGE', 10),
(1054, 10,  '2023-05-03', 1, 'FRIEND_REQUEST_ACCEPTANCE', 27),
(1055, 27,  '2024-05-03', 0, 'FRIEND_REQUEST', 10),
(1056, 10,  '2023-02-03', 1, 'FRIEND_REQUEST_ACCEPTANCE', 28),
(1057, 28,  '2024-05-19', 0, 'FRIEND_REQUEST_ACCEPTANCE', 10),
(1062, 10,  '2023-02-25', 1, 'MESSAGE', 31),
(1063, 31,  '2024-05-14', 0, 'FRIEND_REQUEST_ACCEPTANCE', 10),
(1068, 10,  '2023-01-26', 1, 'FRIEND_REQUEST', 34),
(1069, 34,  '2024-02-10', 0, 'MESSAGE', 10),
(1072, 10,  '2023-07-03', 1, 'FRIEND_REQUEST_ACCEPTANCE', 36),
(1073, 36,  '2024-02-26', 0, 'FRIEND_REQUEST', 10),
(1080, 10,  '2023-10-21', 1, 'MESSAGE', 40),
(1081, 40,  '2024-01-29', 0, 'MESSAGE', 10),
(1086, 10,  '2023-08-21', 1, 'MESSAGE', 43),
(1087, 43,  '2024-04-05', 0, 'FRIEND_REQUEST', 10),
(1090, 10,  '2023-08-11', 1, 'MESSAGE', 45),
(1091, 45,  '2024-05-09', 0, 'FRIEND_REQUEST', 10),
(1096, 10,  '2023-02-03', 1, 'FRIEND_REQUEST', 48),
(1097, 48,  '2024-01-14', 0, 'FRIEND_REQUEST_ACCEPTANCE', 10),
(1098, 10,  '2023-11-09', 1, 'MESSAGE', 49),
(1099, 49,  '2024-05-18', 0, 'MESSAGE', 10),
(1100, 10,  '2023-04-26', 1, 'FRIEND_REQUEST_ACCEPTANCE', 50),
(1101, 50,  '2024-01-26', 0, 'MESSAGE', 10),
(1124, 11,  '2023-01-11', 1, 'FRIEND_REQUEST_ACCEPTANCE', 12),
(1125, 12,  '2024-01-18', 0, 'FRIEND_REQUEST', 11),
(1126, 11,  '2023-08-07', 1, 'FRIEND_REQUEST_ACCEPTANCE', 13),
(1127, 13,  '2024-01-12', 0, 'FRIEND_REQUEST', 11),
(1130, 11,  '2023-11-29', 1, 'FRIEND_REQUEST_ACCEPTANCE', 15),
(1131, 15,  '2024-04-04', 0, 'MESSAGE', 11),
(1132, 11,  '2023-07-17', 1, 'FRIEND_REQUEST', 16),
(1133, 16,  '2024-03-26', 0, 'MESSAGE', 11),
(1134, 11,  '2023-10-28', 1, 'MESSAGE', 17),
(1135, 17,  '2024-01-27', 0, 'MESSAGE', 11),
(1136, 11,  '2023-11-03', 1, 'FRIEND_REQUEST_ACCEPTANCE', 18),
(1137, 18,  '2024-02-14', 0, 'MESSAGE', 11),
(1138, 11,  '2023-04-16', 1, 'FRIEND_REQUEST_ACCEPTANCE', 19),
(1139, 19,  '2024-03-13', 0, 'MESSAGE', 11),
(1142, 11,  '2023-05-20', 1, 'FRIEND_REQUEST', 21),
(1143, 21,  '2024-01-21', 0, 'FRIEND_REQUEST_ACCEPTANCE', 11),
(1144, 11,  '2023-11-13', 1, 'FRIEND_REQUEST', 22),
(1145, 22,  '2024-02-12', 0, 'FRIEND_REQUEST', 11),
(1150, 11,  '2023-12-12', 1, 'FRIEND_REQUEST_ACCEPTANCE', 25),
(1151, 25,  '2024-03-27', 0, 'FRIEND_REQUEST', 11),
(1152, 11,  '2023-06-10', 1, 'FRIEND_REQUEST', 26),
(1153, 26,  '2024-01-26', 0, 'FRIEND_REQUEST_ACCEPTANCE', 11),
(1158, 11,  '2023-07-23', 1, 'FRIEND_REQUEST', 29),
(1159, 29,  '2024-04-09', 0, 'FRIEND_REQUEST', 11),
(1170, 11,  '2023-03-09', 1, 'MESSAGE', 35),
(1171, 35,  '2024-05-24', 0, 'FRIEND_REQUEST', 11),
(1172, 11,  '2023-02-24', 1, 'FRIEND_REQUEST', 36),
(1173, 36,  '2024-03-14', 0, 'MESSAGE', 11),
(1174, 11,  '2023-10-18', 1, 'FRIEND_REQUEST', 37),
(1175, 37,  '2024-01-05', 0, 'FRIEND_REQUEST_ACCEPTANCE', 11),
(1180, 11,  '2023-10-26', 1, 'MESSAGE', 40),
(1181, 40,  '2024-03-11', 0, 'FRIEND_REQUEST_ACCEPTANCE', 11),
(1184, 11,  '2023-06-25', 1, 'FRIEND_REQUEST_ACCEPTANCE', 42),
(1185, 42,  '2024-03-07', 0, 'FRIEND_REQUEST_ACCEPTANCE', 11),
(1190, 11,  '2023-12-27', 1, 'MESSAGE', 45),
(1191, 45,  '2024-04-25', 0, 'FRIEND_REQUEST_ACCEPTANCE', 11),
(1192, 11,  '2023-12-23', 1, 'FRIEND_REQUEST_ACCEPTANCE', 46),
(1193, 46,  '2024-02-24', 0, 'FRIEND_REQUEST_ACCEPTANCE', 11),
(1194, 11,  '2023-07-29', 1, 'FRIEND_REQUEST_ACCEPTANCE', 47),
(1195, 47,  '2024-02-23', 0, 'FRIEND_REQUEST', 11),
(1196, 11,  '2023-07-22', 1, 'FRIEND_REQUEST', 48),
(1197, 48,  '2024-01-17', 0, 'FRIEND_REQUEST', 11),
(1198, 11,  '2023-06-01', 1, 'FRIEND_REQUEST_ACCEPTANCE', 49),
(1199, 49,  '2024-01-10', 0, 'FRIEND_REQUEST', 11),
(1230, 12,  '2023-03-17', 1, 'FRIEND_REQUEST', 15),
(1231, 15,  '2024-02-25', 0, 'MESSAGE', 12),
(1232, 12,  '2023-09-09', 1, 'FRIEND_REQUEST', 16),
(1233, 16,  '2024-02-12', 0, 'MESSAGE', 12),
(1238, 12,  '2023-07-07', 1, 'FRIEND_REQUEST', 19),
(1239, 19,  '2024-05-15', 0, 'MESSAGE', 12),
(1242, 12,  '2023-02-08', 1, 'FRIEND_REQUEST', 21),
(1243, 21,  '2024-04-30', 0, 'FRIEND_REQUEST', 12),
(1246, 12,  '2023-06-16', 1, 'FRIEND_REQUEST', 23),
(1247, 23,  '2024-04-02', 0, 'FRIEND_REQUEST_ACCEPTANCE', 12),
(1248, 12,  '2023-02-27', 1, 'FRIEND_REQUEST_ACCEPTANCE', 24),
(1249, 24,  '2024-02-24', 0, 'MESSAGE', 12),
(1254, 12,  '2023-05-24', 1, 'FRIEND_REQUEST_ACCEPTANCE', 27),
(1255, 27,  '2024-04-03', 0, 'FRIEND_REQUEST_ACCEPTANCE', 12),
(1258, 12,  '2023-09-22', 1, 'MESSAGE', 29),
(1259, 29,  '2024-02-22', 0, 'MESSAGE', 12),
(1262, 12,  '2023-04-21', 1, 'FRIEND_REQUEST_ACCEPTANCE', 31),
(1263, 31,  '2024-04-15', 0, 'FRIEND_REQUEST_ACCEPTANCE', 12),
(1264, 12,  '2023-03-13', 1, 'FRIEND_REQUEST_ACCEPTANCE', 32),
(1265, 32,  '2024-04-01', 0, 'MESSAGE', 12),
(1266, 12,  '2023-02-01', 1, 'FRIEND_REQUEST', 33),
(1267, 33,  '2024-02-26', 0, 'MESSAGE', 12),
(1270, 12,  '2023-11-25', 1, 'MESSAGE', 35),
(1271, 35,  '2024-02-05', 0, 'MESSAGE', 12),
(1272, 12,  '2023-04-10', 1, 'MESSAGE', 36),
(1273, 36,  '2024-03-13', 0, 'FRIEND_REQUEST', 12),
(1278, 12,  '2023-10-09', 1, 'FRIEND_REQUEST_ACCEPTANCE', 39),
(1279, 39,  '2024-01-12', 0, 'MESSAGE', 12),
(1282, 12,  '2023-11-28', 1, 'FRIEND_REQUEST_ACCEPTANCE', 41),
(1283, 41,  '2024-05-14', 0, 'FRIEND_REQUEST', 12),
(1286, 12,  '2023-10-19', 1, 'MESSAGE', 43),
(1287, 43,  '2024-03-07', 0, 'MESSAGE', 12),
(1292, 12,  '2023-02-19', 1, 'MESSAGE', 46),
(1293, 46,  '2024-04-10', 0, 'MESSAGE', 12),
(1294, 12,  '2023-05-22', 1, 'MESSAGE', 47),
(1295, 47,  '2024-04-07', 0, 'MESSAGE', 12),
(1330, 13,  '2023-11-08', 1, 'FRIEND_REQUEST_ACCEPTANCE', 15),
(1331, 15,  '2024-03-16', 0, 'MESSAGE', 13),
(1336, 13,  '2023-07-25', 1, 'MESSAGE', 18),
(1337, 18,  '2024-01-05', 0, 'FRIEND_REQUEST', 13),
(1338, 13,  '2023-07-20', 1, 'FRIEND_REQUEST_ACCEPTANCE', 19),
(1339, 19,  '2024-05-03', 0, 'MESSAGE', 13),
(1340, 13,  '2023-06-10', 1, 'FRIEND_REQUEST', 20),
(1341, 20,  '2024-05-13', 0, 'FRIEND_REQUEST_ACCEPTANCE', 13),
(1342, 13,  '2023-09-11', 1, 'FRIEND_REQUEST', 21),
(1343, 21,  '2024-03-09', 0, 'MESSAGE', 13),
(1344, 13,  '2023-02-06', 1, 'FRIEND_REQUEST', 22),
(1345, 22,  '2024-05-22', 0, 'FRIEND_REQUEST_ACCEPTANCE', 13),
(1346, 13,  '2023-06-25', 1, 'FRIEND_REQUEST', 23),
(1347, 23,  '2024-04-02', 0, 'FRIEND_REQUEST_ACCEPTANCE', 13),
(1348, 13,  '2023-03-03', 1, 'MESSAGE', 24),
(1349, 24,  '2024-05-10', 0, 'MESSAGE', 13),
(1350, 13,  '2023-02-17', 1, 'MESSAGE', 25),
(1351, 25,  '2024-05-06', 0, 'FRIEND_REQUEST_ACCEPTANCE', 13),
(1354, 13,  '2023-07-29', 1, 'FRIEND_REQUEST_ACCEPTANCE', 27),
(1355, 27,  '2024-05-23', 0, 'FRIEND_REQUEST', 13),
(1362, 13,  '2023-02-12', 1, 'MESSAGE', 31),
(1363, 31,  '2024-02-23', 0, 'MESSAGE', 13),
(1372, 13,  '2023-01-21', 1, 'FRIEND_REQUEST', 36),
(1373, 36,  '2024-01-10', 0, 'MESSAGE', 13),
(1380, 13,  '2023-12-21', 1, 'FRIEND_REQUEST_ACCEPTANCE', 40),
(1381, 40,  '2024-05-09', 0, 'FRIEND_REQUEST', 13),
(1382, 13,  '2023-10-14', 1, 'FRIEND_REQUEST', 41),
(1383, 41,  '2024-05-27', 0, 'MESSAGE', 13),
(1392, 13,  '2023-11-29', 1, 'FRIEND_REQUEST_ACCEPTANCE', 46),
(1393, 46,  '2024-02-20', 0, 'MESSAGE', 13),
(1394, 13,  '2023-10-22', 1, 'MESSAGE', 47),
(1395, 47,  '2024-02-01', 0, 'FRIEND_REQUEST_ACCEPTANCE', 13),
(1396, 13,  '2023-04-26', 1, 'FRIEND_REQUEST', 48),
(1397, 48,  '2024-01-03', 0, 'FRIEND_REQUEST', 13),
(1430, 14,  '2023-08-26', 1, 'MESSAGE', 15),
(1431, 15,  '2024-02-22', 0, 'FRIEND_REQUEST', 14),
(1432, 14,  '2023-01-17', 1, 'FRIEND_REQUEST_ACCEPTANCE', 16),
(1433, 16,  '2024-02-12', 0, 'FRIEND_REQUEST', 14),
(1434, 14,  '2023-07-13', 1, 'FRIEND_REQUEST', 17),
(1435, 17,  '2024-02-29', 0, 'FRIEND_REQUEST', 14),
(1436, 14,  '2023-09-20', 1, 'FRIEND_REQUEST_ACCEPTANCE', 18),
(1437, 18,  '2024-05-13', 0, 'FRIEND_REQUEST', 14),
(1440, 14,  '2023-09-08', 1, 'MESSAGE', 20),
(1441, 20,  '2024-02-20', 0, 'FRIEND_REQUEST_ACCEPTANCE', 14),
(1444, 14,  '2023-08-12', 1, 'FRIEND_REQUEST_ACCEPTANCE', 22),
(1445, 22,  '2024-05-16', 0, 'FRIEND_REQUEST_ACCEPTANCE', 14),
(1446, 14,  '2023-03-26', 1, 'FRIEND_REQUEST', 23),
(1447, 23,  '2024-05-26', 0, 'FRIEND_REQUEST', 14),
(1456, 14,  '2023-04-24', 1, 'FRIEND_REQUEST', 28),
(1457, 28,  '2024-01-15', 0, 'FRIEND_REQUEST', 14),
(1462, 14,  '2023-01-12', 1, 'FRIEND_REQUEST_ACCEPTANCE', 31),
(1463, 31,  '2024-04-25', 0, 'MESSAGE', 14),
(1468, 14,  '2023-08-07', 1, 'FRIEND_REQUEST', 34),
(1469, 34,  '2024-04-18', 0, 'FRIEND_REQUEST_ACCEPTANCE', 14),
(1470, 14,  '2023-03-05', 1, 'MESSAGE', 35),
(1471, 35,  '2024-05-23', 0, 'MESSAGE', 14),
(1472, 14,  '2023-01-24', 1, 'FRIEND_REQUEST_ACCEPTANCE', 36),
(1473, 36,  '2024-05-25', 0, 'FRIEND_REQUEST', 14),
(1476, 14,  '2023-06-09', 1, 'FRIEND_REQUEST', 38),
(1477, 38,  '2024-02-21', 0, 'FRIEND_REQUEST_ACCEPTANCE', 14),
(1478, 14,  '2023-12-22', 1, 'FRIEND_REQUEST_ACCEPTANCE', 39),
(1479, 39,  '2024-05-16', 0, 'FRIEND_REQUEST_ACCEPTANCE', 14),
(1482, 14,  '2023-02-28', 1, 'MESSAGE', 41),
(1483, 41,  '2024-02-20', 0, 'MESSAGE', 14),
(1484, 14,  '2023-04-04', 1, 'FRIEND_REQUEST', 42),
(1485, 42,  '2024-03-13', 0, 'FRIEND_REQUEST_ACCEPTANCE', 14),
(1488, 14,  '2023-11-30', 1, 'FRIEND_REQUEST_ACCEPTANCE', 44),
(1489, 44,  '2024-03-11', 0, 'FRIEND_REQUEST', 14),
(1490, 14,  '2023-05-12', 1, 'FRIEND_REQUEST', 45),
(1491, 45,  '2024-02-11', 0, 'FRIEND_REQUEST', 14),
(1492, 14,  '2023-12-13', 1, 'FRIEND_REQUEST_ACCEPTANCE', 46),
(1493, 46,  '2024-02-25', 0, 'FRIEND_REQUEST_ACCEPTANCE', 14),
(1496, 14,  '2023-06-07', 1, 'MESSAGE', 48),
(1497, 48,  '2024-02-17', 0, 'FRIEND_REQUEST', 14),
(1500, 14,  '2023-09-18', 1, 'FRIEND_REQUEST', 50),
(1501, 50,  '2024-04-18', 0, 'FRIEND_REQUEST_ACCEPTANCE', 14),
(1532, 15,  '2023-03-20', 1, 'MESSAGE', 16),
(1533, 16,  '2024-04-05', 0, 'MESSAGE', 15),
(1534, 15,  '2023-10-24', 1, 'FRIEND_REQUEST_ACCEPTANCE', 17),
(1535, 17,  '2024-03-09', 0, 'MESSAGE', 15),
(1536, 15,  '2023-02-18', 1, 'FRIEND_REQUEST_ACCEPTANCE', 18),
(1537, 18,  '2024-01-11', 0, 'FRIEND_REQUEST', 15),
(1538, 15,  '2023-05-11', 1, 'FRIEND_REQUEST', 19),
(1539, 19,  '2024-01-12', 0, 'MESSAGE', 15),
(1546, 15,  '2023-10-06', 1, 'FRIEND_REQUEST', 23),
(1547, 23,  '2024-05-25', 0, 'FRIEND_REQUEST', 15),
(1550, 15,  '2023-05-06', 1, 'MESSAGE', 25),
(1551, 25,  '2024-03-16', 0, 'FRIEND_REQUEST_ACCEPTANCE', 15),
(1552, 15,  '2023-12-09', 1, 'MESSAGE', 26),
(1553, 26,  '2024-01-31', 0, 'FRIEND_REQUEST_ACCEPTANCE', 15),
(1554, 15,  '2023-10-11', 1, 'FRIEND_REQUEST_ACCEPTANCE', 27),
(1555, 27,  '2024-05-08', 0, 'FRIEND_REQUEST', 15),
(1556, 15,  '2023-03-29', 1, 'FRIEND_REQUEST_ACCEPTANCE', 28),
(1557, 28,  '2024-05-24', 0, 'MESSAGE', 15),
(1558, 15,  '2023-06-26', 1, 'MESSAGE', 29),
(1559, 29,  '2024-02-20', 0, 'FRIEND_REQUEST_ACCEPTANCE', 15),
(1560, 15,  '2023-06-19', 1, 'FRIEND_REQUEST_ACCEPTANCE', 30),
(1561, 30,  '2024-01-28', 0, 'MESSAGE', 15),
(1566, 15,  '2023-12-25', 1, 'FRIEND_REQUEST', 33),
(1567, 33,  '2024-04-26', 0, 'FRIEND_REQUEST', 15),
(1570, 15,  '2023-08-05', 1, 'FRIEND_REQUEST', 35),
(1571, 35,  '2024-01-19', 0, 'FRIEND_REQUEST', 15),
(1580, 15,  '2023-09-10', 1, 'FRIEND_REQUEST_ACCEPTANCE', 40),
(1581, 40,  '2024-04-25', 0, 'FRIEND_REQUEST_ACCEPTANCE', 15),
(1586, 15,  '2023-05-15', 1, 'FRIEND_REQUEST', 43),
(1587, 43,  '2024-03-12', 0, 'FRIEND_REQUEST_ACCEPTANCE', 15),
(1588, 15,  '2023-07-13', 1, 'MESSAGE', 44),
(1589, 44,  '2024-03-08', 0, 'MESSAGE', 15),
(1592, 15,  '2023-08-14', 1, 'FRIEND_REQUEST', 46),
(1593, 46,  '2024-01-26', 0, 'MESSAGE', 15),
(1594, 15,  '2023-05-19', 1, 'MESSAGE', 47),
(1595, 47,  '2024-05-14', 0, 'MESSAGE', 15),
(1638, 16,  '2023-09-18', 1, 'FRIEND_REQUEST_ACCEPTANCE', 19),
(1639, 19,  '2024-05-27', 0, 'FRIEND_REQUEST', 16),
(1640, 16,  '2023-11-23', 1, 'FRIEND_REQUEST_ACCEPTANCE', 20),
(1641, 20,  '2024-02-14', 0, 'FRIEND_REQUEST', 16),
(1644, 16,  '2023-05-19', 1, 'FRIEND_REQUEST_ACCEPTANCE', 22),
(1645, 22,  '2024-03-30', 0, 'MESSAGE', 16),
(1646, 16,  '2023-05-12', 1, 'MESSAGE', 23),
(1647, 23,  '2024-01-11', 0, 'FRIEND_REQUEST_ACCEPTANCE', 16),
(1648, 16,  '2023-07-23', 1, 'FRIEND_REQUEST', 24),
(1649, 24,  '2024-04-29', 0, 'MESSAGE', 16),
(1650, 16,  '2023-08-12', 1, 'MESSAGE', 25),
(1651, 25,  '2024-03-16', 0, 'FRIEND_REQUEST', 16),
(1654, 16,  '2023-07-25', 1, 'FRIEND_REQUEST_ACCEPTANCE', 27),
(1655, 27,  '2024-02-28', 0, 'MESSAGE', 16),
(1656, 16,  '2023-11-13', 1, 'FRIEND_REQUEST_ACCEPTANCE', 28),
(1657, 28,  '2024-02-10', 0, 'FRIEND_REQUEST_ACCEPTANCE', 16),
(1660, 16,  '2023-08-04', 1, 'MESSAGE', 30),
(1661, 30,  '2024-03-06', 0, 'FRIEND_REQUEST', 16),
(1662, 16,  '2023-06-06', 1, 'FRIEND_REQUEST_ACCEPTANCE', 31),
(1663, 31,  '2024-04-11', 0, 'FRIEND_REQUEST_ACCEPTANCE', 16),
(1664, 16,  '2023-07-05', 1, 'FRIEND_REQUEST_ACCEPTANCE', 32),
(1665, 32,  '2024-04-04', 0, 'FRIEND_REQUEST_ACCEPTANCE', 16),
(1666, 16,  '2023-08-26', 1, 'FRIEND_REQUEST', 33),
(1667, 33,  '2024-03-01', 0, 'FRIEND_REQUEST_ACCEPTANCE', 16),
(1668, 16,  '2023-12-22', 1, 'FRIEND_REQUEST_ACCEPTANCE', 34),
(1669, 34,  '2024-02-01', 0, 'FRIEND_REQUEST_ACCEPTANCE', 16),
(1670, 16,  '2023-01-31', 1, 'FRIEND_REQUEST', 35),
(1671, 35,  '2024-04-12', 0, 'FRIEND_REQUEST', 16),
(1672, 16,  '2023-04-07', 1, 'FRIEND_REQUEST', 36),
(1673, 36,  '2024-05-03', 0, 'FRIEND_REQUEST_ACCEPTANCE', 16),
(1680, 16,  '2023-10-19', 1, 'MESSAGE', 40),
(1681, 40,  '2024-05-09', 0, 'MESSAGE', 16),
(1684, 16,  '2023-11-08', 1, 'FRIEND_REQUEST_ACCEPTANCE', 42),
(1685, 42,  '2024-02-03', 0, 'MESSAGE', 16),
(1686, 16,  '2023-06-24', 1, 'MESSAGE', 43),
(1687, 43,  '2024-02-25', 0, 'FRIEND_REQUEST', 16),
(1690, 16,  '2023-08-30', 1, 'MESSAGE', 45),
(1691, 45,  '2024-04-10', 0, 'FRIEND_REQUEST', 16),
(1692, 16,  '2023-08-08', 1, 'FRIEND_REQUEST_ACCEPTANCE', 46),
(1693, 46,  '2024-02-01', 0, 'FRIEND_REQUEST_ACCEPTANCE', 16),
(1694, 16,  '2023-05-07', 1, 'FRIEND_REQUEST', 47),
(1695, 47,  '2024-03-16', 0, 'FRIEND_REQUEST', 16),
(1700, 16,  '2023-07-20', 1, 'FRIEND_REQUEST_ACCEPTANCE', 50),
(1701, 50,  '2024-03-22', 0, 'FRIEND_REQUEST_ACCEPTANCE', 16),
(1736, 17,  '2023-12-23', 1, 'FRIEND_REQUEST', 18),
(1737, 18,  '2024-01-30', 0, 'FRIEND_REQUEST', 17),
(1750, 17,  '2023-07-04', 1, 'MESSAGE', 25),
(1751, 25,  '2024-01-18', 0, 'MESSAGE', 17),
(1754, 17,  '2023-06-24', 1, 'FRIEND_REQUEST_ACCEPTANCE', 27),
(1755, 27,  '2024-01-08', 0, 'FRIEND_REQUEST', 17),
(1756, 17,  '2023-09-07', 1, 'MESSAGE', 28),
(1757, 28,  '2024-05-09', 0, 'FRIEND_REQUEST_ACCEPTANCE', 17),
(1758, 17,  '2023-05-17', 1, 'FRIEND_REQUEST_ACCEPTANCE', 29),
(1759, 29,  '2024-01-13', 0, 'MESSAGE', 17),
(1762, 17,  '2023-04-25', 1, 'FRIEND_REQUEST', 31),
(1763, 31,  '2024-01-15', 0, 'FRIEND_REQUEST_ACCEPTANCE', 17),
(1764, 17,  '2023-05-26', 1, 'MESSAGE', 32),
(1765, 32,  '2024-02-24', 0, 'MESSAGE', 17),
(1766, 17,  '2023-01-23', 1, 'FRIEND_REQUEST_ACCEPTANCE', 33),
(1767, 33,  '2024-05-20', 0, 'MESSAGE', 17),
(1768, 17,  '2023-01-09', 1, 'MESSAGE', 34),
(1769, 34,  '2024-05-13', 0, 'FRIEND_REQUEST_ACCEPTANCE', 17),
(1770, 17,  '2023-10-08', 1, 'FRIEND_REQUEST', 35),
(1771, 35,  '2024-01-06', 0, 'FRIEND_REQUEST', 17),
(1772, 17,  '2023-07-27', 1, 'FRIEND_REQUEST', 36),
(1773, 36,  '2024-04-07', 0, 'FRIEND_REQUEST_ACCEPTANCE', 17),
(1774, 17,  '2023-06-15', 1, 'FRIEND_REQUEST_ACCEPTANCE', 37),
(1775, 37,  '2024-05-20', 0, 'FRIEND_REQUEST_ACCEPTANCE', 17),
(1776, 17,  '2023-09-03', 1, 'FRIEND_REQUEST_ACCEPTANCE', 38),
(1777, 38,  '2024-04-11', 0, 'MESSAGE', 17),
(1790, 17,  '2023-07-15', 1, 'MESSAGE', 45),
(1791, 45,  '2024-03-27', 0, 'MESSAGE', 17),
(1792, 17,  '2023-01-10', 1, 'FRIEND_REQUEST_ACCEPTANCE', 46),
(1793, 46,  '2024-04-20', 0, 'MESSAGE', 17),
(1794, 17,  '2023-04-21', 1, 'FRIEND_REQUEST', 47),
(1795, 47,  '2024-01-10', 0, 'MESSAGE', 17),
(1798, 17,  '2023-06-21', 1, 'FRIEND_REQUEST_ACCEPTANCE', 49),
(1799, 49,  '2024-02-29', 0, 'MESSAGE', 17),
(1800, 17,  '2023-03-24', 1, 'FRIEND_REQUEST', 50),
(1801, 50,  '2024-01-20', 0, 'MESSAGE', 17),
(1838, 18,  '2023-10-26', 1, 'FRIEND_REQUEST_ACCEPTANCE', 19),
(1839, 19,  '2024-01-11', 0, 'FRIEND_REQUEST', 18),
(1850, 18,  '2023-09-02', 1, 'FRIEND_REQUEST', 25),
(1851, 25,  '2024-04-18', 0, 'FRIEND_REQUEST_ACCEPTANCE', 18),
(1854, 18,  '2023-10-01', 1, 'MESSAGE', 27),
(1855, 27,  '2024-05-19', 0, 'MESSAGE', 18),
(1856, 18,  '2023-11-17', 1, 'MESSAGE', 28),
(1857, 28,  '2024-05-05', 0, 'MESSAGE', 18),
(1864, 18,  '2023-06-12', 1, 'FRIEND_REQUEST_ACCEPTANCE', 32),
(1865, 32,  '2024-04-09', 0, 'MESSAGE', 18),
(1866, 18,  '2023-07-17', 1, 'FRIEND_REQUEST_ACCEPTANCE', 33),
(1867, 33,  '2024-03-02', 0, 'MESSAGE', 18),
(1870, 18,  '2023-12-01', 1, 'MESSAGE', 35),
(1871, 35,  '2024-04-15', 0, 'MESSAGE', 18),
(1874, 18,  '2023-04-18', 1, 'MESSAGE', 37),
(1875, 37,  '2024-01-04', 0, 'MESSAGE', 18),
(1880, 18,  '2023-04-18', 1, 'FRIEND_REQUEST_ACCEPTANCE', 40),
(1881, 40,  '2024-02-11', 0, 'FRIEND_REQUEST_ACCEPTANCE', 18),
(1884, 18,  '2023-06-10', 1, 'FRIEND_REQUEST_ACCEPTANCE', 42),
(1885, 42,  '2024-02-07', 0, 'MESSAGE', 18),
(1886, 18,  '2023-05-26', 1, 'FRIEND_REQUEST', 43),
(1887, 43,  '2024-04-15', 0, 'FRIEND_REQUEST', 18),
(1890, 18,  '2023-05-04', 1, 'FRIEND_REQUEST', 45),
(1891, 45,  '2024-05-06', 0, 'FRIEND_REQUEST_ACCEPTANCE', 18),
(1892, 18,  '2023-11-23', 1, 'FRIEND_REQUEST', 46),
(1893, 46,  '2024-02-10', 0, 'FRIEND_REQUEST', 18),
(1898, 18,  '2023-05-06', 1, 'MESSAGE', 49),
(1899, 49,  '2024-01-26', 0, 'FRIEND_REQUEST', 18),
(1946, 19,  '2023-08-17', 1, 'MESSAGE', 23),
(1947, 23,  '2024-05-10', 0, 'MESSAGE', 19),
(1950, 19,  '2023-11-25', 1, 'MESSAGE', 25),
(1951, 25,  '2024-01-14', 0, 'FRIEND_REQUEST_ACCEPTANCE', 19),
(1954, 19,  '2023-11-27', 1, 'FRIEND_REQUEST_ACCEPTANCE', 27),
(1955, 27,  '2024-03-26', 0, 'FRIEND_REQUEST', 19),
(1970, 19,  '2023-03-03', 1, 'FRIEND_REQUEST', 35),
(1971, 35,  '2024-05-11', 0, 'FRIEND_REQUEST_ACCEPTANCE', 19),
(1974, 19,  '2023-12-26', 1, 'FRIEND_REQUEST', 37),
(1975, 37,  '2024-05-14', 0, 'FRIEND_REQUEST_ACCEPTANCE', 19),
(1976, 19,  '2023-07-25', 1, 'MESSAGE', 38),
(1977, 38,  '2024-04-27', 0, 'MESSAGE', 19),
(1978, 19,  '2023-05-16', 1, 'FRIEND_REQUEST_ACCEPTANCE', 39),
(1979, 39,  '2024-02-01', 0, 'FRIEND_REQUEST', 19),
(1984, 19,  '2023-10-09', 1, 'FRIEND_REQUEST_ACCEPTANCE', 42),
(1985, 42,  '2024-01-09', 0, 'FRIEND_REQUEST', 19),
(1988, 19,  '2023-04-08', 1, 'FRIEND_REQUEST', 44),
(1989, 44,  '2024-02-09', 0, 'MESSAGE', 19),
(1990, 19,  '2023-05-05', 1, 'MESSAGE', 45),
(1991, 45,  '2024-03-17', 0, 'FRIEND_REQUEST', 19),
(1992, 19,  '2023-11-28', 1, 'FRIEND_REQUEST', 46),
(1993, 46,  '2024-02-26', 0, 'MESSAGE', 19),
(2044, 20,  '2023-02-25', 1, 'FRIEND_REQUEST', 22),
(2045, 22,  '2024-05-19', 0, 'FRIEND_REQUEST', 20),
(2048, 20,  '2023-08-30', 1, 'FRIEND_REQUEST_ACCEPTANCE', 24),
(2049, 24,  '2024-01-13', 0, 'FRIEND_REQUEST_ACCEPTANCE', 20),
(2050, 20,  '2023-05-04', 1, 'FRIEND_REQUEST_ACCEPTANCE', 25),
(2051, 25,  '2024-02-15', 0, 'FRIEND_REQUEST_ACCEPTANCE', 20),
(2054, 20,  '2023-09-10', 1, 'MESSAGE', 27),
(2055, 27,  '2024-01-14', 0, 'FRIEND_REQUEST_ACCEPTANCE', 20),
(2056, 20,  '2023-05-23', 1, 'FRIEND_REQUEST', 28),
(2057, 28,  '2024-02-15', 0, 'FRIEND_REQUEST', 20),
(2060, 20,  '2023-08-28', 1, 'FRIEND_REQUEST_ACCEPTANCE', 30),
(2061, 30,  '2024-01-31', 0, 'FRIEND_REQUEST_ACCEPTANCE', 20),
(2062, 20,  '2023-11-20', 1, 'MESSAGE', 31),
(2063, 31,  '2024-03-21', 0, 'MESSAGE', 20),
(2064, 20,  '2023-09-23', 1, 'FRIEND_REQUEST', 32),
(2065, 32,  '2024-05-02', 0, 'FRIEND_REQUEST', 20),
(2066, 20,  '2023-09-17', 1, 'FRIEND_REQUEST_ACCEPTANCE', 33),
(2067, 33,  '2024-04-29', 0, 'MESSAGE', 20),
(2068, 20,  '2023-10-04', 1, 'FRIEND_REQUEST_ACCEPTANCE', 34),
(2069, 34,  '2024-02-26', 0, 'FRIEND_REQUEST', 20),
(2070, 20,  '2023-06-30', 1, 'FRIEND_REQUEST', 35),
(2071, 35,  '2024-01-25', 0, 'MESSAGE', 20),
(2074, 20,  '2023-07-22', 1, 'FRIEND_REQUEST_ACCEPTANCE', 37),
(2075, 37,  '2024-04-24', 0, 'MESSAGE', 20),
(2076, 20,  '2023-11-29', 1, 'MESSAGE', 38),
(2077, 38,  '2024-04-17', 0, 'FRIEND_REQUEST_ACCEPTANCE', 20),
(2078, 20,  '2023-10-24', 1, 'FRIEND_REQUEST', 39),
(2079, 39,  '2024-03-20', 0, 'MESSAGE', 20),
(2088, 20,  '2023-08-31', 1, 'FRIEND_REQUEST', 44),
(2089, 44,  '2024-04-27', 0, 'FRIEND_REQUEST_ACCEPTANCE', 20),
(2090, 20,  '2023-11-30', 1, 'FRIEND_REQUEST_ACCEPTANCE', 45),
(2091, 45,  '2024-01-08', 0, 'FRIEND_REQUEST', 20),
(2092, 20,  '2023-11-21', 1, 'FRIEND_REQUEST', 46),
(2093, 46,  '2024-04-19', 0, 'FRIEND_REQUEST_ACCEPTANCE', 20),
(2098, 20,  '2023-10-31', 1, 'MESSAGE', 49),
(2099, 49,  '2024-02-22', 0, 'FRIEND_REQUEST_ACCEPTANCE', 20),
(2100, 20,  '2023-10-02', 1, 'MESSAGE', 50),
(2101, 50,  '2024-03-18', 0, 'FRIEND_REQUEST_ACCEPTANCE', 20),
(2144, 21,  '2023-11-22', 1, 'FRIEND_REQUEST_ACCEPTANCE', 22),
(2145, 22,  '2024-04-06', 0, 'MESSAGE', 21),
(2150, 21,  '2023-02-23', 1, 'FRIEND_REQUEST_ACCEPTANCE', 25),
(2151, 25,  '2024-04-02', 0, 'FRIEND_REQUEST', 21),
(2152, 21,  '2023-05-05', 1, 'FRIEND_REQUEST_ACCEPTANCE', 26),
(2153, 26,  '2024-04-19', 0, 'FRIEND_REQUEST', 21),
(2158, 21,  '2023-03-06', 1, 'FRIEND_REQUEST', 29),
(2159, 29,  '2024-05-16', 0, 'MESSAGE', 21),
(2166, 21,  '2023-07-17', 1, 'MESSAGE', 33),
(2167, 33,  '2024-05-11', 0, 'MESSAGE', 21),
(2168, 21,  '2023-08-10', 1, 'FRIEND_REQUEST_ACCEPTANCE', 34),
(2169, 34,  '2024-03-21', 0, 'FRIEND_REQUEST', 21),
(2172, 21,  '2023-08-03', 1, 'MESSAGE', 36),
(2173, 36,  '2024-03-28', 0, 'FRIEND_REQUEST_ACCEPTANCE', 21),
(2174, 21,  '2023-09-29', 1, 'FRIEND_REQUEST_ACCEPTANCE', 37),
(2175, 37,  '2024-03-29', 0, 'FRIEND_REQUEST', 21),
(2178, 21,  '2023-12-25', 1, 'FRIEND_REQUEST', 39),
(2179, 39,  '2024-05-12', 0, 'FRIEND_REQUEST_ACCEPTANCE', 21),
(2180, 21,  '2023-02-21', 1, 'MESSAGE', 40),
(2181, 40,  '2024-01-05', 0, 'FRIEND_REQUEST', 21),
(2184, 21,  '2023-12-02', 1, 'FRIEND_REQUEST', 42),
(2185, 42,  '2024-03-31', 0, 'FRIEND_REQUEST', 21),
(2188, 21,  '2023-03-09', 1, 'FRIEND_REQUEST', 44),
(2189, 44,  '2024-03-19', 0, 'FRIEND_REQUEST', 21),
(2198, 21,  '2023-03-03', 1, 'FRIEND_REQUEST_ACCEPTANCE', 49),
(2199, 49,  '2024-02-21', 0, 'FRIEND_REQUEST_ACCEPTANCE', 21),
(2246, 22,  '2023-01-14', 1, 'MESSAGE', 23),
(2247, 23,  '2024-04-03', 0, 'FRIEND_REQUEST_ACCEPTANCE', 22),
(2250, 22,  '2023-09-29', 1, 'FRIEND_REQUEST_ACCEPTANCE', 25),
(2251, 25,  '2024-03-08', 0, 'FRIEND_REQUEST_ACCEPTANCE', 22),
(2260, 22,  '2023-06-01', 1, 'MESSAGE', 30),
(2261, 30,  '2024-02-13', 0, 'MESSAGE', 22),
(2262, 22,  '2023-02-24', 1, 'MESSAGE', 31),
(2263, 31,  '2024-02-18', 0, 'MESSAGE', 22),
(2264, 22,  '2023-06-15', 1, 'MESSAGE', 32),
(2265, 32,  '2024-03-22', 0, 'FRIEND_REQUEST_ACCEPTANCE', 22),
(2272, 22,  '2023-01-23', 1, 'FRIEND_REQUEST_ACCEPTANCE', 36),
(2273, 36,  '2024-03-18', 0, 'MESSAGE', 22),
(2274, 22,  '2023-01-03', 1, 'FRIEND_REQUEST_ACCEPTANCE', 37),
(2275, 37,  '2024-03-30', 0, 'FRIEND_REQUEST_ACCEPTANCE', 22),
(2278, 22,  '2023-01-26', 1, 'FRIEND_REQUEST_ACCEPTANCE', 39),
(2279, 39,  '2024-04-20', 0, 'FRIEND_REQUEST_ACCEPTANCE', 22),
(2284, 22,  '2023-12-07', 1, 'FRIEND_REQUEST_ACCEPTANCE', 42),
(2285, 42,  '2024-01-19', 0, 'FRIEND_REQUEST_ACCEPTANCE', 22),
(2286, 22,  '2023-01-26', 1, 'MESSAGE', 43),
(2287, 43,  '2024-04-17', 0, 'FRIEND_REQUEST', 22),
(2288, 22,  '2023-06-19', 1, 'FRIEND_REQUEST_ACCEPTANCE', 44),
(2289, 44,  '2024-05-11', 0, 'FRIEND_REQUEST_ACCEPTANCE', 22),
(2294, 22,  '2023-04-19', 1, 'MESSAGE', 47),
(2295, 47,  '2024-03-23', 0, 'FRIEND_REQUEST_ACCEPTANCE', 22),
(2298, 22,  '2023-07-28', 1, 'FRIEND_REQUEST_ACCEPTANCE', 49),
(2299, 49,  '2024-03-04', 0, 'FRIEND_REQUEST', 22),
(2348, 23,  '2023-06-27', 1, 'FRIEND_REQUEST_ACCEPTANCE', 24),
(2349, 24,  '2024-01-19', 0, 'FRIEND_REQUEST', 23),
(2350, 23,  '2023-01-22', 1, 'MESSAGE', 25),
(2351, 25,  '2024-03-20', 0, 'FRIEND_REQUEST_ACCEPTANCE', 23),
(2352, 23,  '2023-09-04', 1, 'FRIEND_REQUEST_ACCEPTANCE', 26),
(2353, 26,  '2024-04-09', 0, 'FRIEND_REQUEST_ACCEPTANCE', 23),
(2364, 23,  '2023-10-20', 1, 'FRIEND_REQUEST', 32),
(2365, 32,  '2024-01-02', 0, 'FRIEND_REQUEST_ACCEPTANCE', 23),
(2366, 23,  '2023-09-07', 1, 'MESSAGE', 33),
(2367, 33,  '2024-03-23', 0, 'FRIEND_REQUEST', 23),
(2368, 23,  '2023-01-05', 1, 'FRIEND_REQUEST', 34),
(2369, 34,  '2024-04-28', 0, 'FRIEND_REQUEST_ACCEPTANCE', 23),
(2372, 23,  '2023-12-29', 1, 'FRIEND_REQUEST', 36),
(2373, 36,  '2024-01-10', 0, 'MESSAGE', 23),
(2376, 23,  '2023-04-11', 1, 'MESSAGE', 38),
(2377, 38,  '2024-05-20', 0, 'MESSAGE', 23),
(2378, 23,  '2023-01-07', 1, 'FRIEND_REQUEST', 39),
(2379, 39,  '2024-02-13', 0, 'FRIEND_REQUEST_ACCEPTANCE', 23),
(2380, 23,  '2023-04-22', 1, 'FRIEND_REQUEST', 40),
(2381, 40,  '2024-02-01', 0, 'FRIEND_REQUEST', 23),
(2382, 23,  '2023-07-22', 1, 'FRIEND_REQUEST_ACCEPTANCE', 41),
(2383, 41,  '2024-04-20', 0, 'FRIEND_REQUEST', 23),
(2384, 23,  '2023-01-01', 1, 'FRIEND_REQUEST_ACCEPTANCE', 42),
(2385, 42,  '2024-03-17', 0, 'FRIEND_REQUEST_ACCEPTANCE', 23),
(2386, 23,  '2023-10-02', 1, 'FRIEND_REQUEST_ACCEPTANCE', 43),
(2387, 43,  '2024-03-07', 0, 'MESSAGE', 23),
(2388, 23,  '2023-12-05', 1, 'FRIEND_REQUEST', 44),
(2389, 44,  '2024-02-22', 0, 'FRIEND_REQUEST', 23),
(2394, 23,  '2023-05-17', 1, 'FRIEND_REQUEST', 47),
(2395, 47,  '2024-04-21', 0, 'MESSAGE', 23),
(2396, 23,  '2023-09-20', 1, 'FRIEND_REQUEST', 48),
(2397, 48,  '2024-02-01', 0, 'MESSAGE', 23),
(2398, 23,  '2023-06-09', 1, 'FRIEND_REQUEST', 49),
(2399, 49,  '2024-03-18', 0, 'MESSAGE', 23),
(2400, 23,  '2023-07-02', 1, 'FRIEND_REQUEST_ACCEPTANCE', 50),
(2401, 50,  '2024-01-07', 0, 'FRIEND_REQUEST_ACCEPTANCE', 23),
(2452, 24,  '2023-02-02', 1, 'MESSAGE', 26),
(2453, 26,  '2024-03-20', 0, 'FRIEND_REQUEST_ACCEPTANCE', 24),
(2454, 24,  '2023-09-26', 1, 'FRIEND_REQUEST_ACCEPTANCE', 27),
(2455, 27,  '2024-03-11', 0, 'FRIEND_REQUEST', 24),
(2456, 24,  '2023-11-23', 1, 'MESSAGE', 28),
(2457, 28,  '2024-03-18', 0, 'MESSAGE', 24),
(2472, 24,  '2023-08-31', 1, 'FRIEND_REQUEST_ACCEPTANCE', 36),
(2473, 36,  '2024-03-22', 0, 'MESSAGE', 24),
(2478, 24,  '2023-09-19', 1, 'MESSAGE', 39),
(2479, 39,  '2024-04-06', 0, 'MESSAGE', 24),
(2482, 24,  '2023-02-22', 1, 'FRIEND_REQUEST', 41),
(2483, 41,  '2024-04-24', 0, 'FRIEND_REQUEST', 24),
(2484, 24,  '2023-12-08', 1, 'FRIEND_REQUEST', 42),
(2485, 42,  '2024-05-05', 0, 'FRIEND_REQUEST', 24),
(2486, 24,  '2023-03-05', 1, 'FRIEND_REQUEST', 43),
(2487, 43,  '2024-05-22', 0, 'FRIEND_REQUEST', 24),
(2488, 24,  '2023-07-22', 1, 'FRIEND_REQUEST', 44),
(2489, 44,  '2024-03-24', 0, 'FRIEND_REQUEST', 24),
(2490, 24,  '2023-11-01', 1, 'MESSAGE', 45),
(2491, 45,  '2024-04-21', 0, 'FRIEND_REQUEST_ACCEPTANCE', 24),
(2494, 24,  '2023-07-20', 1, 'FRIEND_REQUEST', 47),
(2495, 47,  '2024-03-21', 0, 'FRIEND_REQUEST_ACCEPTANCE', 24),
(2498, 24,  '2023-09-09', 1, 'MESSAGE', 49),
(2499, 49,  '2024-03-01', 0, 'FRIEND_REQUEST_ACCEPTANCE', 24),
(2500, 24,  '2023-01-30', 1, 'MESSAGE', 50),
(2501, 50,  '2024-03-24', 0, 'MESSAGE', 24),
(2552, 25,  '2023-12-10', 1, 'FRIEND_REQUEST_ACCEPTANCE', 26),
(2553, 26,  '2024-01-29', 0, 'MESSAGE', 25),
(2556, 25,  '2023-06-07', 1, 'MESSAGE', 28),
(2557, 28,  '2024-04-02', 0, 'MESSAGE', 25),
(2558, 25,  '2023-02-13', 1, 'MESSAGE', 29),
(2559, 29,  '2024-05-16', 0, 'MESSAGE', 25),
(2562, 25,  '2023-03-13', 1, 'MESSAGE', 31),
(2563, 31,  '2024-04-20', 0, 'FRIEND_REQUEST_ACCEPTANCE', 25),
(2564, 25,  '2023-09-25', 1, 'FRIEND_REQUEST_ACCEPTANCE', 32),
(2565, 32,  '2024-01-14', 0, 'FRIEND_REQUEST', 25),
(2566, 25,  '2023-08-22', 1, 'MESSAGE', 33),
(2567, 33,  '2024-05-10', 0, 'MESSAGE', 25),
(2576, 25,  '2023-06-05', 1, 'MESSAGE', 38),
(2577, 38,  '2024-02-15', 0, 'FRIEND_REQUEST_ACCEPTANCE', 25),
(2584, 25,  '2023-12-03', 1, 'MESSAGE', 42),
(2585, 42,  '2024-05-16', 0, 'FRIEND_REQUEST_ACCEPTANCE', 25),
(2590, 25,  '2023-06-12', 1, 'MESSAGE', 45),
(2591, 45,  '2024-03-28', 0, 'FRIEND_REQUEST_ACCEPTANCE', 25),
(2598, 25,  '2023-07-17', 1, 'FRIEND_REQUEST_ACCEPTANCE', 49),
(2599, 49,  '2024-02-07', 0, 'FRIEND_REQUEST_ACCEPTANCE', 25),
(2656, 26,  '2023-05-01', 1, 'MESSAGE', 28),
(2657, 28,  '2024-04-12', 0, 'MESSAGE', 26),
(2658, 26,  '2023-02-18', 1, 'FRIEND_REQUEST_ACCEPTANCE', 29),
(2659, 29,  '2024-03-10', 0, 'FRIEND_REQUEST_ACCEPTANCE', 26),
(2662, 26,  '2023-07-02', 1, 'MESSAGE', 31),
(2663, 31,  '2024-04-17', 0, 'FRIEND_REQUEST_ACCEPTANCE', 26),
(2664, 26,  '2023-02-06', 1, 'FRIEND_REQUEST_ACCEPTANCE', 32),
(2665, 32,  '2024-05-02', 0, 'FRIEND_REQUEST', 26),
(2670, 26,  '2023-02-25', 1, 'FRIEND_REQUEST', 35),
(2671, 35,  '2024-05-03', 0, 'FRIEND_REQUEST', 26),
(2672, 26,  '2023-01-13', 1, 'MESSAGE', 36),
(2673, 36,  '2024-02-09', 0, 'MESSAGE', 26),
(2676, 26,  '2023-09-23', 1, 'MESSAGE', 38),
(2677, 38,  '2024-04-13', 0, 'FRIEND_REQUEST_ACCEPTANCE', 26),
(2680, 26,  '2023-10-12', 1, 'FRIEND_REQUEST', 40),
(2681, 40,  '2024-03-05', 0, 'FRIEND_REQUEST', 26),
(2686, 26,  '2023-08-22', 1, 'FRIEND_REQUEST', 43),
(2687, 43,  '2024-05-23', 0, 'FRIEND_REQUEST', 26),
(2688, 26,  '2023-12-06', 1, 'FRIEND_REQUEST', 44),
(2689, 44,  '2024-02-17', 0, 'FRIEND_REQUEST', 26),
(2698, 26,  '2023-09-19', 1, 'MESSAGE', 49),
(2699, 49,  '2024-01-27', 0, 'FRIEND_REQUEST', 26),
(2700, 26,  '2023-11-10', 1, 'FRIEND_REQUEST_ACCEPTANCE', 50),
(2701, 50,  '2024-02-04', 0, 'FRIEND_REQUEST_ACCEPTANCE', 26),
(2758, 27,  '2023-07-15', 1, 'FRIEND_REQUEST_ACCEPTANCE', 29),
(2759, 29,  '2024-05-10', 0, 'MESSAGE', 27),
(2760, 27,  '2023-10-28', 1, 'FRIEND_REQUEST', 30),
(2761, 30,  '2024-05-21', 0, 'MESSAGE', 27),
(2762, 27,  '2023-08-29', 1, 'FRIEND_REQUEST', 31),
(2763, 31,  '2024-01-31', 0, 'FRIEND_REQUEST_ACCEPTANCE', 27),
(2772, 27,  '2023-12-30', 1, 'FRIEND_REQUEST', 36),
(2773, 36,  '2024-03-24', 0, 'FRIEND_REQUEST', 27),
(2776, 27,  '2023-03-26', 1, 'MESSAGE', 38),
(2777, 38,  '2024-03-27', 0, 'MESSAGE', 27),
(2778, 27,  '2023-05-12', 1, 'MESSAGE', 39),
(2779, 39,  '2024-01-23', 0, 'MESSAGE', 27),
(2784, 27,  '2023-03-20', 1, 'MESSAGE', 42),
(2785, 42,  '2024-05-03', 0, 'MESSAGE', 27),
(2786, 27,  '2023-09-02', 1, 'FRIEND_REQUEST_ACCEPTANCE', 43),
(2787, 43,  '2024-01-08', 0, 'FRIEND_REQUEST_ACCEPTANCE', 27),
(2794, 27,  '2023-09-18', 1, 'FRIEND_REQUEST', 47),
(2795, 47,  '2024-05-19', 0, 'FRIEND_REQUEST_ACCEPTANCE', 27),
(2798, 27,  '2023-05-15', 1, 'FRIEND_REQUEST', 49),
(2799, 49,  '2024-04-20', 0, 'FRIEND_REQUEST', 27),
(2864, 28,  '2023-07-02', 1, 'MESSAGE', 32),
(2865, 32,  '2024-03-15', 0, 'FRIEND_REQUEST', 28),
(2870, 28,  '2023-03-01', 1, 'MESSAGE', 35),
(2871, 35,  '2024-03-01', 0, 'FRIEND_REQUEST', 28),
(2874, 28,  '2023-06-10', 1, 'FRIEND_REQUEST', 37),
(2875, 37,  '2024-02-02', 0, 'MESSAGE', 28),
(2876, 28,  '2023-02-09', 1, 'FRIEND_REQUEST_ACCEPTANCE', 38),
(2877, 38,  '2024-01-16', 0, 'FRIEND_REQUEST', 28),
(2878, 28,  '2023-02-27', 1, 'FRIEND_REQUEST_ACCEPTANCE', 39),
(2879, 39,  '2024-02-24', 0, 'FRIEND_REQUEST_ACCEPTANCE', 28),
(2884, 28,  '2023-04-03', 1, 'FRIEND_REQUEST', 42),
(2885, 42,  '2024-04-03', 0, 'MESSAGE', 28),
(2890, 28,  '2023-02-16', 1, 'FRIEND_REQUEST_ACCEPTANCE', 45),
(2891, 45,  '2024-02-08', 0, 'FRIEND_REQUEST_ACCEPTANCE', 28),
(2892, 28,  '2023-05-09', 1, 'FRIEND_REQUEST_ACCEPTANCE', 46),
(2893, 46,  '2024-02-27', 0, 'FRIEND_REQUEST', 28),
(2898, 28,  '2023-05-21', 1, 'FRIEND_REQUEST_ACCEPTANCE', 49),
(2899, 49,  '2024-05-23', 0, 'MESSAGE', 28),
(2900, 28,  '2023-08-08', 1, 'FRIEND_REQUEST_ACCEPTANCE', 50),
(2901, 50,  '2024-04-08', 0, 'FRIEND_REQUEST', 28),
(2970, 29,  '2023-09-18', 1, 'MESSAGE', 35),
(2971, 35,  '2024-05-13', 0, 'FRIEND_REQUEST_ACCEPTANCE', 29),
(2972, 29,  '2023-01-12', 1, 'FRIEND_REQUEST_ACCEPTANCE', 36),
(2973, 36,  '2024-01-19', 0, 'FRIEND_REQUEST', 29),
(2974, 29,  '2023-01-09', 1, 'FRIEND_REQUEST_ACCEPTANCE', 37),
(2975, 37,  '2024-04-11', 0, 'FRIEND_REQUEST_ACCEPTANCE', 29),
(2980, 29,  '2023-05-10', 1, 'FRIEND_REQUEST', 40),
(2981, 40,  '2024-04-25', 0, 'FRIEND_REQUEST_ACCEPTANCE', 29),
(2982, 29,  '2023-09-25', 1, 'MESSAGE', 41),
(2983, 41,  '2024-03-23', 0, 'FRIEND_REQUEST_ACCEPTANCE', 29),
(2986, 29,  '2023-03-06', 1, 'FRIEND_REQUEST', 43),
(2987, 43,  '2024-02-18', 0, 'FRIEND_REQUEST_ACCEPTANCE', 29),
(2988, 29,  '2023-11-14', 1, 'FRIEND_REQUEST', 44),
(2989, 44,  '2024-03-22', 0, 'FRIEND_REQUEST', 29),
(2990, 29,  '2023-11-03', 1, 'MESSAGE', 45),
(2991, 45,  '2024-05-12', 0, 'MESSAGE', 29),
(2992, 29,  '2023-10-12', 1, 'MESSAGE', 46),
(2993, 46,  '2024-03-03', 0, 'FRIEND_REQUEST', 29),
(2996, 29,  '2023-08-09', 1, 'FRIEND_REQUEST_ACCEPTANCE', 48),
(2997, 48,  '2024-04-05', 0, 'FRIEND_REQUEST', 29),
(3062, 30,  '2023-02-03', 1, 'FRIEND_REQUEST_ACCEPTANCE', 31),
(3063, 31,  '2024-03-09', 0, 'FRIEND_REQUEST_ACCEPTANCE', 30),
(3066, 30,  '2023-12-09', 1, 'FRIEND_REQUEST_ACCEPTANCE', 33),
(3067, 33,  '2024-01-04', 0, 'MESSAGE', 30),
(3068, 30,  '2023-05-21', 1, 'FRIEND_REQUEST_ACCEPTANCE', 34),
(3069, 34,  '2024-01-19', 0, 'FRIEND_REQUEST_ACCEPTANCE', 30),
(3072, 30,  '2023-10-10', 1, 'FRIEND_REQUEST', 36),
(3073, 36,  '2024-03-12', 0, 'FRIEND_REQUEST', 30),
(3074, 30,  '2023-06-05', 1, 'FRIEND_REQUEST', 37),
(3075, 37,  '2024-03-17', 0, 'FRIEND_REQUEST', 30),
(3076, 30,  '2023-06-04', 1, 'FRIEND_REQUEST', 38),
(3077, 38,  '2024-05-20', 0, 'FRIEND_REQUEST_ACCEPTANCE', 30),
(3078, 30,  '2023-07-31', 1, 'FRIEND_REQUEST_ACCEPTANCE', 39),
(3079, 39,  '2024-01-20', 0, 'FRIEND_REQUEST_ACCEPTANCE', 30),
(3082, 30,  '2023-10-24', 1, 'MESSAGE', 41),
(3083, 41,  '2024-01-12', 0, 'FRIEND_REQUEST', 30),
(3094, 30,  '2023-12-16', 1, 'FRIEND_REQUEST', 47),
(3095, 47,  '2024-05-16', 0, 'FRIEND_REQUEST_ACCEPTANCE', 30),
(3164, 31,  '2023-02-19', 1, 'FRIEND_REQUEST_ACCEPTANCE', 32),
(3165, 32,  '2024-05-22', 0, 'FRIEND_REQUEST_ACCEPTANCE', 31),
(3174, 31,  '2023-09-29', 1, 'FRIEND_REQUEST_ACCEPTANCE', 37),
(3175, 37,  '2024-04-27', 0, 'MESSAGE', 31),
(3176, 31,  '2023-05-15', 1, 'FRIEND_REQUEST_ACCEPTANCE', 38),
(3177, 38,  '2024-05-07', 0, 'MESSAGE', 31),
(3178, 31,  '2023-09-27', 1, 'FRIEND_REQUEST_ACCEPTANCE', 39),
(3179, 39,  '2024-03-20', 0, 'FRIEND_REQUEST_ACCEPTANCE', 31),
(3182, 31,  '2023-12-22', 1, 'MESSAGE', 41),
(3183, 41,  '2024-05-16', 0, 'FRIEND_REQUEST_ACCEPTANCE', 31),
(3190, 31,  '2023-12-24', 1, 'FRIEND_REQUEST_ACCEPTANCE', 45),
(3191, 45,  '2024-03-29', 0, 'MESSAGE', 31),
(3192, 31,  '2023-10-07', 1, 'MESSAGE', 46),
(3193, 46,  '2024-03-21', 0, 'FRIEND_REQUEST_ACCEPTANCE', 31),
(3194, 31,  '2023-05-25', 1, 'FRIEND_REQUEST', 47),
(3195, 47,  '2024-02-07', 0, 'FRIEND_REQUEST', 31),
(3196, 31,  '2023-12-25', 1, 'FRIEND_REQUEST_ACCEPTANCE', 48),
(3197, 48,  '2024-02-04', 0, 'FRIEND_REQUEST', 31),
(3198, 31,  '2023-07-31', 1, 'MESSAGE', 49),
(3199, 49,  '2024-03-13', 0, 'MESSAGE', 31),
(3200, 31,  '2023-05-31', 1, 'FRIEND_REQUEST_ACCEPTANCE', 50),
(3201, 50,  '2024-05-05', 0, 'MESSAGE', 31),
(3266, 32,  '2023-02-03', 1, 'FRIEND_REQUEST_ACCEPTANCE', 33),
(3267, 33,  '2024-04-13', 0, 'MESSAGE', 32),
(3268, 32,  '2024-01-01', 1, 'FRIEND_REQUEST', 34),
(3269, 34,  '2024-02-19', 0, 'FRIEND_REQUEST_ACCEPTANCE', 32),
(3270, 32,  '2023-11-18', 1, 'MESSAGE', 35),
(3271, 35,  '2024-03-29', 0, 'FRIEND_REQUEST', 32),
(3272, 32,  '2023-12-29', 1, 'MESSAGE', 36),
(3273, 36,  '2024-03-15', 0, 'FRIEND_REQUEST', 32),
(3274, 32,  '2023-09-05', 1, 'FRIEND_REQUEST', 37),
(3275, 37,  '2024-02-26', 0, 'FRIEND_REQUEST_ACCEPTANCE', 32),
(3282, 32,  '2023-05-21', 1, 'FRIEND_REQUEST_ACCEPTANCE', 41),
(3283, 41,  '2024-02-05', 0, 'MESSAGE', 32),
(3284, 32,  '2023-03-30', 1, 'FRIEND_REQUEST_ACCEPTANCE', 42),
(3285, 42,  '2024-04-21', 0, 'MESSAGE', 32),
(3290, 32,  '2023-04-06', 1, 'FRIEND_REQUEST', 45),
(3291, 45,  '2024-03-24', 0, 'FRIEND_REQUEST', 32),
(3294, 32,  '2023-07-11', 1, 'MESSAGE', 47),
(3295, 47,  '2024-04-05', 0, 'MESSAGE', 32),
(3296, 32,  '2023-06-26', 1, 'FRIEND_REQUEST_ACCEPTANCE', 48),
(3297, 48,  '2024-05-26', 0, 'FRIEND_REQUEST_ACCEPTANCE', 32),
(3298, 32,  '2023-04-17', 1, 'FRIEND_REQUEST', 49),
(3299, 49,  '2024-01-26', 0, 'MESSAGE', 32),
(3300, 32,  '2023-07-07', 1, 'FRIEND_REQUEST_ACCEPTANCE', 50),
(3301, 50,  '2024-03-31', 0, 'FRIEND_REQUEST_ACCEPTANCE', 32),
(3370, 33,  '2023-06-14', 1, 'MESSAGE', 35),
(3371, 35,  '2024-03-23', 0, 'MESSAGE', 33),
(3374, 33,  '2023-02-20', 1, 'MESSAGE', 37),
(3375, 37,  '2024-04-20', 0, 'MESSAGE', 33),
(3380, 33,  '2023-06-15', 1, 'MESSAGE', 40),
(3381, 40,  '2024-04-25', 0, 'FRIEND_REQUEST_ACCEPTANCE', 33),
(3384, 33,  '2023-01-18', 1, 'FRIEND_REQUEST_ACCEPTANCE', 42),
(3385, 42,  '2024-03-07', 0, 'FRIEND_REQUEST', 33),
(3386, 33,  '2023-04-15', 1, 'FRIEND_REQUEST_ACCEPTANCE', 43),
(3387, 43,  '2024-01-04', 0, 'MESSAGE', 33),
(3390, 33,  '2023-02-23', 1, 'FRIEND_REQUEST_ACCEPTANCE', 45),
(3391, 45,  '2024-02-12', 0, 'FRIEND_REQUEST', 33),
(3394, 33,  '2023-01-05', 1, 'FRIEND_REQUEST', 47),
(3395, 47,  '2024-03-11', 0, 'MESSAGE', 33),
(3396, 33,  '2023-05-11', 1, 'FRIEND_REQUEST_ACCEPTANCE', 48),
(3397, 48,  '2024-05-13', 0, 'FRIEND_REQUEST', 33),
(3470, 34,  '2023-08-23', 1, 'FRIEND_REQUEST_ACCEPTANCE', 35),
(3471, 35,  '2024-03-31', 0, 'FRIEND_REQUEST', 34),
(3474, 34,  '2023-12-06', 1, 'MESSAGE', 37),
(3475, 37,  '2024-01-08', 0, 'MESSAGE', 34),
(3476, 34,  '2023-08-21', 1, 'MESSAGE', 38),
(3477, 38,  '2024-01-03', 0, 'FRIEND_REQUEST', 34),
(3478, 34,  '2023-05-15', 1, 'MESSAGE', 39),
(3479, 39,  '2024-01-19', 0, 'MESSAGE', 34),
(3480, 34,  '2023-01-22', 1, 'FRIEND_REQUEST', 40),
(3481, 40,  '2024-03-25', 0, 'MESSAGE', 34),
(3482, 34,  '2023-12-06', 1, 'FRIEND_REQUEST', 41),
(3483, 41,  '2024-04-06', 0, 'FRIEND_REQUEST', 34),
(3486, 34,  '2023-01-28', 1, 'MESSAGE', 43),
(3487, 43,  '2024-03-28', 0, 'FRIEND_REQUEST_ACCEPTANCE', 34),
(3488, 34,  '2023-08-31', 1, 'MESSAGE', 44),
(3489, 44,  '2024-04-11', 0, 'FRIEND_REQUEST_ACCEPTANCE', 34),
(3492, 34,  '2023-04-24', 1, 'MESSAGE', 46),
(3493, 46,  '2024-04-03', 0, 'MESSAGE', 34),
(3494, 34,  '2023-11-14', 1, 'MESSAGE', 47),
(3495, 47,  '2024-04-13', 0, 'FRIEND_REQUEST_ACCEPTANCE', 34),
(3500, 34,  '2023-09-12', 1, 'FRIEND_REQUEST_ACCEPTANCE', 50),
(3501, 50,  '2024-04-04', 0, 'FRIEND_REQUEST_ACCEPTANCE', 34),
(3572, 35,  '2023-10-05', 1, 'FRIEND_REQUEST_ACCEPTANCE', 36),
(3573, 36,  '2024-05-14', 0, 'FRIEND_REQUEST_ACCEPTANCE', 35),
(3574, 35,  '2023-12-29', 1, 'FRIEND_REQUEST_ACCEPTANCE', 37),
(3575, 37,  '2024-05-07', 0, 'FRIEND_REQUEST_ACCEPTANCE', 35),
(3576, 35,  '2023-11-13', 1, 'FRIEND_REQUEST', 38),
(3577, 38,  '2024-05-12', 0, 'MESSAGE', 35),
(3580, 35,  '2023-01-28', 1, 'FRIEND_REQUEST', 40),
(3581, 40,  '2024-02-12', 0, 'MESSAGE', 35),
(3582, 35,  '2023-08-29', 1, 'FRIEND_REQUEST_ACCEPTANCE', 41),
(3583, 41,  '2024-04-26', 0, 'MESSAGE', 35),
(3586, 35,  '2023-05-05', 1, 'MESSAGE', 43),
(3587, 43,  '2024-02-27', 0, 'FRIEND_REQUEST', 35),
(3588, 35,  '2023-10-29', 1, 'MESSAGE', 44),
(3589, 44,  '2024-03-16', 0, 'FRIEND_REQUEST', 35),
(3596, 35,  '2023-09-27', 1, 'FRIEND_REQUEST', 48),
(3597, 48,  '2024-04-30', 0, 'MESSAGE', 35),
(3676, 36,  '2023-12-30', 1, 'MESSAGE', 38),
(3677, 38,  '2024-02-10', 0, 'MESSAGE', 36),
(3680, 36,  '2023-01-15', 1, 'MESSAGE', 40),
(3681, 40,  '2024-01-02', 0, 'FRIEND_REQUEST_ACCEPTANCE', 36),
(3684, 36,  '2023-11-23', 1, 'MESSAGE', 42),
(3685, 42,  '2024-02-25', 0, 'FRIEND_REQUEST_ACCEPTANCE', 36),
(3688, 36,  '2023-07-24', 1, 'FRIEND_REQUEST_ACCEPTANCE', 44),
(3689, 44,  '2024-04-01', 0, 'FRIEND_REQUEST_ACCEPTANCE', 36),
(3694, 36,  '2023-12-25', 1, 'FRIEND_REQUEST', 47),
(3695, 47,  '2024-01-04', 0, 'FRIEND_REQUEST', 36),
(3698, 36,  '2023-04-19', 1, 'MESSAGE', 49),
(3699, 49,  '2024-05-22', 0, 'FRIEND_REQUEST', 36),
(3700, 36,  '2023-04-24', 1, 'FRIEND_REQUEST', 50),
(3701, 50,  '2024-04-09', 0, 'MESSAGE', 36),
(3786, 37,  '2023-04-03', 1, 'FRIEND_REQUEST', 43),
(3787, 43,  '2024-05-19', 0, 'FRIEND_REQUEST_ACCEPTANCE', 37),
(3788, 37,  '2023-03-25', 1, 'MESSAGE', 44),
(3789, 44,  '2024-02-12', 0, 'FRIEND_REQUEST', 37),
(3790, 37,  '2023-11-09', 1, 'FRIEND_REQUEST_ACCEPTANCE', 45),
(3791, 45,  '2024-02-11', 0, 'FRIEND_REQUEST_ACCEPTANCE', 37),
(3792, 37,  '2023-05-29', 1, 'FRIEND_REQUEST', 46),
(3793, 46,  '2024-04-25', 0, 'FRIEND_REQUEST', 37),
(3796, 37,  '2023-02-27', 1, 'FRIEND_REQUEST', 48),
(3797, 48,  '2024-03-21', 0, 'FRIEND_REQUEST', 37),
(3798, 37,  '2023-12-22', 1, 'FRIEND_REQUEST', 49),
(3799, 49,  '2024-02-14', 0, 'FRIEND_REQUEST', 37),
(3800, 37,  '2023-03-11', 1, 'FRIEND_REQUEST_ACCEPTANCE', 50),
(3801, 50,  '2024-03-14', 0, 'FRIEND_REQUEST', 37),
(3880, 38,  '2024-01-01', 1, 'MESSAGE', 40),
(3881, 40,  '2024-02-07', 0, 'MESSAGE', 38),
(3886, 38,  '2023-05-16', 1, 'FRIEND_REQUEST', 43),
(3887, 43,  '2024-05-20', 0, 'FRIEND_REQUEST', 38),
(3888, 38,  '2023-12-22', 1, 'FRIEND_REQUEST_ACCEPTANCE', 44),
(3889, 44,  '2024-04-02', 0, 'MESSAGE', 38),
(3892, 38,  '2023-07-21', 1, 'MESSAGE', 46),
(3893, 46,  '2024-02-20', 0, 'FRIEND_REQUEST', 38),
(3894, 38,  '2023-10-10', 1, 'MESSAGE', 47),
(3895, 47,  '2024-03-25', 0, 'FRIEND_REQUEST', 38),
(3898, 38,  '2023-03-25', 1, 'FRIEND_REQUEST_ACCEPTANCE', 49),
(3899, 49,  '2024-02-26', 0, 'MESSAGE', 38),
(3980, 39,  '2023-10-19', 1, 'MESSAGE', 40),
(3981, 40,  '2024-01-14', 0, 'FRIEND_REQUEST_ACCEPTANCE', 39),
(3982, 39,  '2023-01-25', 1, 'FRIEND_REQUEST', 41),
(3983, 41,  '2024-04-26', 0, 'MESSAGE', 39),
(3984, 39,  '2023-10-04', 1, 'FRIEND_REQUEST_ACCEPTANCE', 42),
(3985, 42,  '2024-03-20', 0, 'MESSAGE', 39),
(3986, 39,  '2023-05-11', 1, 'MESSAGE', 43),
(3987, 43,  '2024-05-07', 0, 'FRIEND_REQUEST', 39),
(3996, 39,  '2023-02-02', 1, 'FRIEND_REQUEST_ACCEPTANCE', 48),
(3997, 48,  '2024-01-05', 0, 'FRIEND_REQUEST', 39),
(4082, 40,  '2023-09-16', 1, 'MESSAGE', 41),
(4083, 41,  '2024-05-07', 0, 'FRIEND_REQUEST', 40),
(4084, 40,  '2023-03-17', 1, 'FRIEND_REQUEST_ACCEPTANCE', 42),
(4085, 42,  '2024-04-12', 0, 'MESSAGE', 40),
(4088, 40,  '2023-05-23', 1, 'MESSAGE', 44),
(4089, 44,  '2024-04-09', 0, 'FRIEND_REQUEST', 40),
(4092, 40,  '2023-11-14', 1, 'MESSAGE', 46),
(4093, 46,  '2024-04-02', 0, 'FRIEND_REQUEST', 40),
(4094, 40,  '2023-01-29', 1, 'MESSAGE', 47),
(4095, 47,  '2024-02-02', 0, 'FRIEND_REQUEST', 40),
(4096, 40,  '2023-05-12', 1, 'FRIEND_REQUEST', 48),
(4097, 48,  '2024-04-07', 0, 'FRIEND_REQUEST', 40),
(4098, 40,  '2023-02-22', 1, 'MESSAGE', 49),
(4099, 49,  '2024-05-13', 0, 'FRIEND_REQUEST_ACCEPTANCE', 40),
(4188, 41,  '2023-06-07', 1, 'MESSAGE', 44),
(4189, 44,  '2024-02-10', 0, 'FRIEND_REQUEST_ACCEPTANCE', 41),
(4194, 41,  '2023-12-31', 1, 'FRIEND_REQUEST_ACCEPTANCE', 47),
(4195, 47,  '2024-05-09', 0, 'FRIEND_REQUEST', 41),
(4198, 41,  '2023-11-10', 1, 'FRIEND_REQUEST', 49),
(4199, 49,  '2024-05-13', 0, 'FRIEND_REQUEST_ACCEPTANCE', 41),
(4286, 42,  '2023-05-12', 1, 'FRIEND_REQUEST_ACCEPTANCE', 43),
(4287, 43,  '2024-03-24', 0, 'FRIEND_REQUEST', 42),
(4288, 42,  '2023-11-04', 1, 'MESSAGE', 44),
(4289, 44,  '2024-05-13', 0, 'FRIEND_REQUEST_ACCEPTANCE', 42),
(4290, 42,  '2023-03-22', 1, 'FRIEND_REQUEST', 45),
(4291, 45,  '2024-04-12', 0, 'FRIEND_REQUEST_ACCEPTANCE', 42),
(4292, 42,  '2023-01-14', 1, 'FRIEND_REQUEST_ACCEPTANCE', 46),
(4293, 46,  '2024-03-26', 0, 'FRIEND_REQUEST', 42),
(4294, 42,  '2023-06-01', 1, 'FRIEND_REQUEST', 47),
(4295, 47,  '2024-03-08', 0, 'FRIEND_REQUEST', 42),
(4298, 42,  '2023-04-01', 1, 'MESSAGE', 49),
(4299, 49,  '2024-01-15', 0, 'FRIEND_REQUEST', 42),
(4300, 42,  '2023-03-03', 1, 'FRIEND_REQUEST_ACCEPTANCE', 50),
(4301, 50,  '2024-03-26', 0, 'MESSAGE', 42),
(4388, 43,  '2023-11-17', 1, 'FRIEND_REQUEST_ACCEPTANCE', 44),
(4389, 44,  '2024-01-11', 0, 'FRIEND_REQUEST_ACCEPTANCE', 43),
(4390, 43,  '2023-10-02', 1, 'FRIEND_REQUEST', 45),
(4391, 45,  '2024-01-07', 0, 'MESSAGE', 43),
(4396, 43,  '2023-04-26', 1, 'MESSAGE', 48),
(4397, 48,  '2024-02-05', 0, 'FRIEND_REQUEST', 43),
(4398, 43,  '2023-05-06', 1, 'FRIEND_REQUEST', 49),
(4399, 49,  '2024-01-27', 0, 'MESSAGE', 43),
(4400, 43,  '2023-03-24', 1, 'FRIEND_REQUEST', 50),
(4401, 50,  '2024-05-20', 0, 'FRIEND_REQUEST', 43),
(4490, 44,  '2023-07-25', 1, 'FRIEND_REQUEST_ACCEPTANCE', 45),
(4491, 45,  '2024-03-21', 0, 'FRIEND_REQUEST_ACCEPTANCE', 44),
(4492, 44,  '2023-12-25', 1, 'FRIEND_REQUEST_ACCEPTANCE', 46),
(4493, 46,  '2024-02-04', 0, 'MESSAGE', 44),
(4496, 44,  '2023-09-10', 1, 'FRIEND_REQUEST', 48),
(4497, 48,  '2024-05-16', 0, 'FRIEND_REQUEST_ACCEPTANCE', 44),
(4498, 44,  '2023-04-06', 1, 'MESSAGE', 49),
(4499, 49,  '2024-05-23', 0, 'FRIEND_REQUEST_ACCEPTANCE', 44),
(4592, 45,  '2023-08-13', 1, 'FRIEND_REQUEST', 46),
(4593, 46,  '2024-01-20', 0, 'FRIEND_REQUEST', 45),
(4594, 45,  '2023-10-09', 1, 'MESSAGE', 47),
(4595, 47,  '2024-02-18', 0, 'FRIEND_REQUEST', 45),
(4596, 45,  '2023-07-02', 1, 'MESSAGE', 48),
(4597, 48,  '2024-01-30', 0, 'FRIEND_REQUEST', 45),
(4598, 45,  '2023-04-22', 1, 'FRIEND_REQUEST_ACCEPTANCE', 49),
(4599, 49,  '2024-04-11', 0, 'MESSAGE', 45),
(4600, 45,  '2023-12-12', 1, 'FRIEND_REQUEST', 50),
(4601, 50,  '2024-05-21', 0, 'FRIEND_REQUEST', 45),
(4698, 46,  '2023-07-08', 1, 'FRIEND_REQUEST_ACCEPTANCE', 49),
(4699, 49,  '2024-04-25', 0, 'FRIEND_REQUEST', 46),
(4700, 46,  '2023-03-05', 1, 'FRIEND_REQUEST', 50),
(4701, 50,  '2024-01-24', 0, 'MESSAGE', 46),
(4798, 47,  '2023-06-26', 1, 'FRIEND_REQUEST_ACCEPTANCE', 49),
(4799, 49,  '2024-03-04', 0, 'FRIEND_REQUEST_ACCEPTANCE', 47),
(4898, 48,  '2023-04-01', 1, 'FRIEND_REQUEST_ACCEPTANCE', 49),
(4899, 49,  '2024-02-27', 0, 'FRIEND_REQUEST_ACCEPTANCE', 48),
(4900, 48,  '2023-04-05', 1, 'FRIEND_REQUEST_ACCEPTANCE', 50),
(4901, 50,  '2024-03-06', 0, 'FRIEND_REQUEST', 48),
(5000, 49,  '2023-02-01', 1, 'FRIEND_REQUEST_ACCEPTANCE', 50),
(5001, 50,  '2024-01-19', 0, 'FRIEND_REQUEST', 49);
INSERT INTO content (id, like_counter, posted_date, texte, id_user, user_pseudo) VALUES
(40, 0, '2023-04-06', 'Explore our gallery of user-generated content', 1, 'user1'),
(41, 0, '2023-12-21', 'Read our industry reports for valuable insights', 1, 'user1'),
(42, 0, '2023-06-10', 'See how others are using our products on Snapchat', 1, 'user1'),
(43, 0, '2023-12-03', 'See our latest success stories on our blog', 1, 'user1'),
(80, 0, '2023-08-12', 'Visit our store for exclusive offers', 2, 'user2'),
(81, 0, '2023-06-20', 'Stay tuned for our upcoming events', 2, 'user2'),
(82, 0, '2023-07-14', 'See our latest success stories on our blog', 2, 'user2'),
(83, 0, '2023-07-29', 'Visit our store for exclusive offers', 2, 'user2'),
(120, 0, '2023-09-05', 'Check out our featured customer stories', 3, 'user3'),
(121, 0, '2023-09-16', 'Connect with us on LinkedIn for professional insights', 3, 'user3'),
(122, 0, '2024-01-08', 'Join us for a webinar on digital marketing strategies', 3, 'user3'),
(123, 0, '2023-08-10', 'Get inspired by our latest Pinterest boards', 3, 'user3'),
(160, 0, '2023-12-16', 'Read our customer reviews to see what others think', 4, 'user4'),
(200, 0, '2024-04-23', 'Explore our gallery of user-generated content', 5, 'user5'),
(201, 0, '2023-12-08', 'Follow us for the latest industry news', 5, 'user5'),
(240, 0, '2024-01-20', 'Watch our live streams for behind-the-scenes content', 6, 'user6'),
(241, 0, '2024-05-15', 'Sign up for our newsletter to get the latest news', 6, 'user6'),
(242, 0, '2023-04-11', 'Join our loyalty program for special discounts', 6, 'user6'),
(243, 0, '2023-06-26', 'Follow us on Instagram for daily updates', 6, 'user6'),
(244, 0, '2023-02-13', 'Participate in our online survey and win a prize', 6, 'user6'),
(280, 0, '2023-04-21', 'Follow our hashtag on Twitter for live updates', 7, 'user7'),
(320, 0, '2023-09-26', 'Follow us on Instagram for daily updates', 8, 'user8'),
(321, 0, '2023-04-29', 'Submit your feedback through our contact form', 8, 'user8'),
(360, 0, '2023-09-08', 'Follow our hashtag on Twitter for live updates', 9, 'user9'),
(361, 0, '2023-05-24', 'Download our e-book on digital marketing', 9, 'user9'),
(400, 0, '2024-04-06', 'Join our mailing list for special announcements', 10, 'user10'),
(401, 0, '2024-02-19', 'Participate in our online survey and win a prize', 10, 'user10'),
(402, 0, '2023-12-30', 'Submit your feedback through our contact form', 10, 'user10'),
(403, 0, '2023-12-20', 'Explore our gallery of user-generated content', 10, 'user10'),
(404, 0, '2023-05-04', 'Submit your feedback through our contact form', 10, 'user10'),
(440, 0, '2023-12-12', 'Find out how to become a brand ambassador', 11, 'user11'),
(441, 0, '2024-04-05', 'Download our e-book on digital marketing', 11, 'user11'),
(480, 0, '2023-06-01', 'Visit our store for exclusive offers', 12, 'user12'),
(481, 0, '2023-04-08', 'Download our app for easy access to our services', 12, 'user12'),
(482, 0, '2023-01-07', 'Download our app for easy access to our services', 12, 'user12'),
(520, 0, '2023-01-13', 'Find out how to become a brand ambassador', 13, 'user13'),
(521, 0, '2024-02-11', 'Join our mailing list for special announcements', 13, 'user13'),
(522, 0, '2023-07-01', 'Learn how to use our product with our tutorials', 13, 'user13'),
(523, 0, '2023-06-20', 'Browse our FAQ section for common questions', 13, 'user13'),
(560, 0, '2023-07-24', 'Join our mailing list for special announcements', 14, 'user14'),
(561, 0, '2024-03-25', 'Join our online community for networking opportunities', 14, 'user14'),
(562, 0, '2023-04-22', 'Find out more about our company values', 14, 'user14'),
(600, 0, '2023-10-15', 'Watch our new video on YouTube about influencer marketing', 15, 'user15'),
(601, 0, '2024-01-07', 'Browse our FAQ section for common questions', 15, 'user15'),
(602, 0, '2023-03-03', 'Share your thoughts in the comments below', 15, 'user15'),
(640, 0, '2023-11-04', 'Join our online community for networking opportunities', 16, 'user16'),
(680, 0, '2024-01-01', 'Share your thoughts in the comments below', 17, 'user17'),
(681, 0, '2023-09-07', 'Join our online community for networking opportunities', 17, 'user17'),
(682, 0, '2024-03-29', 'Sign up for our newsletter to get the latest news', 17, 'user17'),
(683, 0, '2023-01-17', 'Visit our store for exclusive offers', 17, 'user17'),
(684, 0, '2023-06-29', 'Read our latest press release for company news', 17, 'user17'),
(720, 0, '2023-03-12', 'Check out our featured customer stories', 18, 'user18'),
(721, 0, '2023-06-16', 'Download our app for easy access to our services', 18, 'user18'),
(760, 0, '2023-09-16', 'Stay tuned for our upcoming events', 19, 'user19'),
(761, 0, '2023-02-01', 'Discover our sustainability initiatives', 19, 'user19'),
(762, 0, '2023-05-06', 'Learn more about our services on our homepage', 19, 'user19'),
(763, 0, '2023-01-31', 'Read our customer reviews to see what others think', 19, 'user19'),
(800, 0, '2023-09-04', 'Find career opportunities on our LinkedIn page', 20, 'user20'),
(801, 0, '2023-04-03', 'Join us for a webinar on digital marketing strategies', 20, 'user20'),
(802, 0, '2023-10-04', 'Join us for a webinar on digital marketing strategies', 20, 'user20'),
(803, 0, '2023-03-29', 'Find out more about our company values', 20, 'user20'),
(840, 0, '2023-09-03', 'Join our webinar to learn from the experts', 21, 'user21'),
(841, 0, '2023-04-20', 'Get inspired by our latest Pinterest boards', 21, 'user21'),
(842, 0, '2024-05-01', 'Join our webinar to learn from the experts', 21, 'user21'),
(843, 0, '2023-07-10', 'Follow our hashtag on Twitter for live updates', 21, 'user21'),
(880, 0, '2024-05-21', 'Discover our new product line on our website', 22, 'user22'),
(881, 0, '2023-01-23', 'Stay tuned for our upcoming events', 22, 'user22'),
(882, 0, '2023-11-06', 'Join our webinar to learn from the experts', 22, 'user22'),
(883, 0, '2023-06-23', 'Read our latest press release for company news', 22, 'user22'),
(920, 0, '2023-07-07', 'Join our mailing list for special announcements', 23, 'user23'),
(921, 0, '2023-01-27', 'Subscribe to our YouTube channel for updates', 23, 'user23'),
(960, 0, '2024-05-12', 'Explore our case studies to see our work in action', 24, 'user24'),
(1000, 0, '2023-06-21', 'Explore our gallery of user-generated content', 25, 'user25'),
(1001, 0, '2024-05-24', 'Discover our new product line on our website', 25, 'user25'),
(1040, 0, '2024-03-18', 'Connect with our support team for assistance', 26, 'user26'),
(1080, 0, '2023-07-04', 'Browse our FAQ section for common questions', 27, 'user27'),
(1081, 0, '2023-02-26', 'Join our loyalty program for special discounts', 27, 'user27'),
(1082, 0, '2023-12-04', 'Watch our new video on YouTube about influencer marketing', 27, 'user27'),
(1083, 0, '2024-02-03', 'Find career opportunities on our LinkedIn page', 27, 'user27'),
(1084, 0, '2023-02-28', 'See our latest success stories on our blog', 27, 'user27'),
(1120, 0, '2023-01-22', 'See our latest success stories on our blog', 28, 'user28'),
(1121, 0, '2023-01-12', 'Join us for a webinar on digital marketing strategies', 28, 'user28'),
(1122, 0, '2023-03-21', 'Stay connected with our community on Facebook', 28, 'user28'),
(1160, 0, '2024-02-05', 'Check our events calendar for upcoming webinars', 29, 'user29'),
(1161, 0, '2023-04-23', 'Follow us on Instagram for daily updates', 29, 'user29'),
(1200, 0, '2023-09-01', 'Submit your feedback through our contact form', 30, 'user30'),
(1201, 0, '2024-03-29', 'Browse our FAQ section for common questions', 30, 'user30'),
(1202, 0, '2023-08-28', 'Connect with our support team for assistance', 30, 'user30'),
(1240, 0, '2023-07-08', 'Join our online community for networking opportunities', 31, 'user31'),
(1241, 0, '2023-10-08', 'Join our Facebook group for exclusive content', 31, 'user31'),
(1242, 0, '2024-04-25', 'Visit our blog for expert tips and advice', 31, 'user31'),
(1243, 0, '2024-02-13', 'Stay updated with our real-time Twitter feed', 31, 'user31'),
(1244, 0, '2024-04-08', 'Watch customer testimonials on our YouTube channel', 31, 'user31'),
(1280, 0, '2023-02-07', 'Join our online community for networking opportunities', 32, 'user32'),
(1281, 0, '2024-02-22', 'Find career opportunities on our LinkedIn page', 32, 'user32'),
(1282, 0, '2024-01-17', 'Subscribe to our podcast for in-depth discussions', 32, 'user32'),
(1283, 0, '2023-03-06', 'Get inspired by our latest Pinterest boards', 32, 'user32'),
(1284, 0, '2023-06-18', 'Follow our hashtag on Twitter for live updates', 32, 'user32'),
(1320, 0, '2023-10-09', 'Submit your feedback through our contact form', 33, 'user33'),
(1360, 0, '2023-01-21', 'Stay updated with our real-time Twitter feed', 34, 'user34'),
(1361, 0, '2024-01-19', 'See how others are using our products on Snapchat', 34, 'user34'),
(1362, 0, '2023-11-23', 'Get inspired by our latest Pinterest boards', 34, 'user34'),
(1363, 0, '2023-07-11', 'Check out our featured customer stories', 34, 'user34'),
(1400, 0, '2023-12-05', 'Read our customer reviews to see what others think', 35, 'user35'),
(1440, 0, '2023-06-12', 'Watch our live streams for behind-the-scenes content', 36, 'user36'),
(1441, 0, '2023-12-17', 'Download our e-book on digital marketing', 36, 'user36'),
(1480, 0, '2024-04-23', 'Follow our hashtag on Twitter for live updates', 37, 'user37'),
(1481, 0, '2024-04-18', 'Sign up for our newsletter to get the latest news', 37, 'user37'),
(1482, 0, '2023-10-22', 'Join us for a webinar on digital marketing strategies', 37, 'user37'),
(1520, 0, '2023-12-08', 'Download our e-book on digital marketing', 38, 'user38'),
(1560, 0, '2024-05-27', 'Check out our latest blog post on social media trends', 39, 'user39'),
(1561, 0, '2024-01-13', 'Subscribe to our podcast for in-depth discussions', 39, 'user39'),
(1562, 0, '2023-12-07', 'Get inspired by our latest Pinterest boards', 39, 'user39');
INSERT INTO user_likes (id, content_id, user_id) VALUES
(41, 40, 1),
(43, 120, 1),
(45, 200, 1),
(47, 280, 1),
(49, 360, 1),
(50, 400, 1),
(51, 440, 1),
(52, 480, 1),
(54, 560, 1),
(55, 600, 1),
(56, 640, 1),
(61, 840, 1),
(62, 880, 1),
(63, 920, 1),
(65, 1000, 1),
(66, 1040, 1),
(67, 1080, 1),
(71, 1240, 1),
(72, 1280, 1),
(75, 1400, 1),
(76, 1440, 1),
(77, 1480, 1),
(78, 1520, 1),
(82, 80, 2),
(84, 160, 2),
(89, 360, 2),
(90, 400, 2),
(91, 440, 2),
(92, 480, 2),
(94, 560, 2),
(95, 600, 2),
(97, 680, 2),
(99, 760, 2),
(102, 880, 2),
(103, 920, 2),
(104, 960, 2),
(107, 1080, 2),
(108, 1120, 2),
(109, 1160, 2),
(111, 1240, 2),
(112, 1280, 2),
(113, 1320, 2),
(115, 1400, 2),
(116, 1440, 2),
(119, 1560, 2),
(121, 40, 3),
(123, 120, 3),
(126, 240, 3),
(127, 280, 3),
(128, 320, 3),
(132, 480, 3),
(133, 520, 3),
(137, 680, 3),
(138, 720, 3),
(139, 760, 3),
(140, 800, 3),
(142, 880, 3),
(143, 920, 3),
(144, 960, 3),
(146, 1040, 3),
(147, 1080, 3),
(148, 1120, 3),
(149, 1160, 3),
(151, 1240, 3),
(152, 1280, 3),
(154, 1360, 3),
(155, 1400, 3),
(158, 1520, 3),
(161, 40, 4),
(163, 120, 4),
(164, 160, 4),
(165, 200, 4),
(166, 240, 4),
(167, 280, 4),
(170, 400, 4),
(171, 440, 4),
(173, 520, 4),
(177, 680, 4),
(178, 720, 4),
(179, 760, 4),
(180, 800, 4),
(181, 840, 4),
(184, 960, 4),
(185, 1000, 4),
(187, 1080, 4),
(188, 1120, 4),
(195, 1400, 4),
(201, 40, 5),
(206, 240, 5),
(208, 320, 5),
(209, 360, 5),
(211, 440, 5),
(213, 520, 5),
(214, 560, 5),
(219, 760, 5),
(221, 840, 5),
(226, 1040, 5),
(227, 1080, 5),
(228, 1120, 5),
(230, 1200, 5),
(233, 1320, 5),
(235, 1400, 5),
(236, 1440, 5),
(237, 1480, 5),
(238, 1520, 5),
(239, 1560, 5),
(241, 40, 6),
(245, 200, 6),
(246, 240, 6),
(248, 320, 6),
(250, 400, 6),
(251, 440, 6),
(253, 520, 6),
(256, 640, 6),
(258, 720, 6),
(259, 760, 6),
(260, 800, 6),
(261, 840, 6),
(262, 880, 6),
(264, 960, 6),
(265, 1000, 6),
(266, 1040, 6),
(269, 1160, 6),
(270, 1200, 6),
(273, 1320, 6),
(275, 1400, 6),
(276, 1440, 6),
(277, 1480, 6),
(278, 1520, 6),
(279, 1560, 6),
(282, 80, 7),
(284, 160, 7),
(285, 200, 7),
(288, 320, 7),
(289, 360, 7),
(292, 480, 7),
(296, 640, 7),
(298, 720, 7),
(299, 760, 7),
(301, 840, 7),
(304, 960, 7),
(306, 1040, 7),
(307, 1080, 7),
(310, 1200, 7),
(313, 1320, 7),
(315, 1400, 7),
(317, 1480, 7),
(318, 1520, 7),
(319, 1560, 7),
(322, 80, 8),
(324, 160, 8),
(329, 360, 8),
(330, 400, 8),
(331, 440, 8),
(334, 560, 8),
(335, 600, 8),
(336, 640, 8),
(338, 720, 8),
(340, 800, 8),
(341, 840, 8),
(343, 920, 8),
(344, 960, 8),
(345, 1000, 8),
(347, 1080, 8),
(349, 1160, 8),
(350, 1200, 8),
(351, 1240, 8),
(352, 1280, 8),
(353, 1320, 8),
(355, 1400, 8),
(356, 1440, 8),
(362, 80, 9),
(366, 240, 9),
(368, 320, 9),
(370, 400, 9),
(371, 440, 9),
(373, 520, 9),
(377, 680, 9),
(378, 720, 9),
(379, 760, 9),
(380, 800, 9),
(381, 840, 9),
(387, 1080, 9),
(389, 1160, 9),
(391, 1240, 9),
(393, 1320, 9),
(395, 1400, 9),
(399, 1560, 9),
(401, 40, 10),
(403, 120, 10),
(406, 240, 10),
(408, 320, 10),
(409, 360, 10),
(411, 440, 10),
(414, 560, 10),
(415, 600, 10),
(416, 640, 10),
(418, 720, 10),
(420, 800, 10),
(424, 960, 10),
(427, 1080, 10),
(430, 1200, 10),
(433, 1320, 10),
(434, 1360, 10),
(438, 1520, 10),
(443, 120, 11),
(445, 200, 11),
(448, 320, 11),
(450, 400, 11),
(451, 440, 11),
(452, 480, 11),
(456, 640, 11),
(457, 680, 11),
(460, 800, 11),
(462, 880, 11),
(464, 960, 11),
(466, 1040, 11),
(468, 1120, 11),
(471, 1240, 11),
(472, 1280, 11),
(476, 1440, 11),
(477, 1480, 11),
(478, 1520, 11),
(479, 1560, 11),
(481, 40, 12),
(482, 80, 12),
(484, 160, 12),
(485, 200, 12),
(486, 240, 12),
(487, 280, 12),
(488, 320, 12),
(490, 400, 12),
(491, 440, 12),
(493, 520, 12),
(495, 600, 12),
(496, 640, 12),
(497, 680, 12),
(498, 720, 12),
(499, 760, 12),
(502, 880, 12),
(503, 920, 12),
(505, 1000, 12),
(506, 1040, 12),
(508, 1120, 12),
(509, 1160, 12),
(511, 1240, 12),
(523, 120, 13),
(524, 160, 13),
(526, 240, 13),
(527, 280, 13),
(531, 440, 13),
(535, 600, 13),
(536, 640, 13),
(537, 680, 13),
(539, 760, 13),
(541, 840, 13),
(542, 880, 13),
(543, 920, 13),
(551, 1240, 13),
(552, 1280, 13),
(553, 1320, 13),
(555, 1400, 13),
(558, 1520, 13),
(563, 120, 14),
(565, 200, 14),
(566, 240, 14),
(567, 280, 14),
(568, 320, 14),
(569, 360, 14),
(571, 440, 14),
(572, 480, 14),
(573, 520, 14),
(574, 560, 14),
(576, 640, 14),
(577, 680, 14),
(578, 720, 14),
(579, 760, 14),
(580, 800, 14),
(585, 1000, 14),
(590, 1200, 14),
(591, 1240, 14),
(592, 1280, 14),
(593, 1320, 14),
(596, 1440, 14),
(597, 1480, 14),
(598, 1520, 14),
(604, 160, 15),
(605, 200, 15),
(606, 240, 15),
(607, 280, 15),
(612, 480, 15),
(613, 520, 15),
(614, 560, 15),
(617, 680, 15),
(619, 760, 15),
(624, 960, 15),
(627, 1080, 15),
(629, 1160, 15),
(635, 1400, 15),
(639, 1560, 15),
(642, 80, 16),
(643, 120, 16),
(645, 200, 16),
(647, 280, 16),
(650, 400, 16),
(654, 560, 16),
(655, 600, 16),
(660, 800, 16),
(663, 920, 16),
(666, 1040, 16),
(669, 1160, 16),
(673, 1320, 16),
(674, 1360, 16),
(675, 1400, 16),
(677, 1480, 16),
(678, 1520, 16),
(679, 1560, 16),
(681, 40, 17),
(682, 80, 17),
(684, 160, 17),
(685, 200, 17),
(686, 240, 17),
(687, 280, 17),
(693, 520, 17),
(694, 560, 17),
(696, 640, 17),
(697, 680, 17),
(698, 720, 17),
(699, 760, 17),
(700, 800, 17),
(704, 960, 17),
(707, 1080, 17),
(709, 1160, 17),
(710, 1200, 17),
(711, 1240, 17),
(714, 1360, 17),
(715, 1400, 17),
(716, 1440, 17),
(718, 1520, 17),
(719, 1560, 17),
(721, 40, 18),
(723, 120, 18),
(724, 160, 18),
(725, 200, 18),
(730, 400, 18),
(732, 480, 18),
(738, 720, 18),
(741, 840, 18),
(743, 920, 18),
(744, 960, 18),
(745, 1000, 18),
(746, 1040, 18),
(747, 1080, 18),
(748, 1120, 18),
(750, 1200, 18),
(751, 1240, 18),
(752, 1280, 18),
(754, 1360, 18),
(755, 1400, 18),
(756, 1440, 18),
(759, 1560, 18),
(762, 80, 19),
(763, 120, 19),
(764, 160, 19),
(765, 200, 19),
(768, 320, 19),
(771, 440, 19),
(772, 480, 19),
(773, 520, 19),
(775, 600, 19),
(779, 760, 19),
(781, 840, 19),
(782, 880, 19),
(783, 920, 19),
(784, 960, 19),
(786, 1040, 19),
(790, 1200, 19),
(791, 1240, 19),
(796, 1440, 19),
(798, 1520, 19),
(803, 120, 20),
(805, 200, 20),
(808, 320, 20),
(811, 440, 20),
(812, 480, 20),
(815, 600, 20),
(818, 720, 20),
(820, 800, 20),
(822, 880, 20),
(825, 1000, 20),
(826, 1040, 20),
(828, 1120, 20),
(830, 1200, 20),
(832, 1280, 20),
(834, 1360, 20),
(836, 1440, 20),
(839, 1560, 20),
(842, 80, 21),
(843, 120, 21),
(844, 160, 21),
(845, 200, 21),
(846, 240, 21),
(847, 280, 21),
(848, 320, 21),
(849, 360, 21),
(854, 560, 21),
(855, 600, 21),
(856, 640, 21),
(857, 680, 21),
(863, 920, 21),
(864, 960, 21),
(866, 1040, 21),
(868, 1120, 21),
(869, 1160, 21),
(870, 1200, 21),
(871, 1240, 21),
(876, 1440, 21),
(881, 40, 22),
(886, 240, 22),
(887, 280, 22),
(888, 320, 22),
(889, 360, 22),
(890, 400, 22),
(891, 440, 22),
(892, 480, 22),
(893, 520, 22),
(894, 560, 22),
(895, 600, 22),
(897, 680, 22),
(901, 840, 22),
(903, 920, 22),
(904, 960, 22),
(905, 1000, 22),
(906, 1040, 22),
(907, 1080, 22),
(910, 1200, 22),
(911, 1240, 22),
(914, 1360, 22),
(915, 1400, 22),
(916, 1440, 22),
(917, 1480, 22),
(921, 40, 23),
(922, 80, 23),
(924, 160, 23),
(925, 200, 23),
(926, 240, 23),
(927, 280, 23),
(928, 320, 23),
(929, 360, 23),
(930, 400, 23),
(932, 480, 23),
(935, 600, 23),
(937, 680, 23),
(938, 720, 23),
(940, 800, 23),
(941, 840, 23),
(942, 880, 23),
(943, 920, 23),
(944, 960, 23),
(947, 1080, 23),
(948, 1120, 23),
(950, 1200, 23),
(952, 1280, 23),
(958, 1520, 23),
(959, 1560, 23),
(961, 40, 24),
(962, 80, 24),
(970, 400, 24),
(972, 480, 24),
(975, 600, 24),
(981, 840, 24),
(983, 920, 24),
(984, 960, 24),
(988, 1120, 24),
(990, 1200, 24),
(991, 1240, 24),
(995, 1400, 24),
(997, 1480, 24),
(1001, 40, 25),
(1003, 120, 25),
(1005, 200, 25),
(1013, 520, 25),
(1014, 560, 25),
(1015, 600, 25),
(1016, 640, 25),
(1017, 680, 25),
(1018, 720, 25),
(1019, 760, 25),
(1021, 840, 25),
(1023, 920, 25),
(1025, 1000, 25),
(1027, 1080, 25),
(1028, 1120, 25),
(1029, 1160, 25),
(1032, 1280, 25),
(1033, 1320, 25),
(1034, 1360, 25),
(1036, 1440, 25),
(1041, 40, 26),
(1044, 160, 26),
(1046, 240, 26),
(1049, 360, 26),
(1050, 400, 26),
(1051, 440, 26),
(1053, 520, 26),
(1054, 560, 26),
(1056, 640, 26),
(1057, 680, 26),
(1059, 760, 26),
(1062, 880, 26),
(1063, 920, 26),
(1064, 960, 26),
(1065, 1000, 26),
(1067, 1080, 26),
(1071, 1240, 26),
(1072, 1280, 26),
(1073, 1320, 26),
(1075, 1400, 26),
(1077, 1480, 26),
(1078, 1520, 26),
(1079, 1560, 26),
(1083, 120, 27),
(1085, 200, 27),
(1086, 240, 27),
(1088, 320, 27),
(1089, 360, 27),
(1092, 480, 27),
(1094, 560, 27),
(1095, 600, 27),
(1096, 640, 27),
(1097, 680, 27),
(1101, 840, 27),
(1102, 880, 27),
(1103, 920, 27),
(1104, 960, 27),
(1105, 1000, 27),
(1106, 1040, 27),
(1107, 1080, 27),
(1109, 1160, 27),
(1111, 1240, 27),
(1117, 1480, 27),
(1119, 1560, 27),
(1122, 80, 28),
(1124, 160, 28),
(1127, 280, 28),
(1135, 600, 28),
(1138, 720, 28),
(1139, 760, 28),
(1140, 800, 28),
(1141, 840, 28),
(1142, 880, 28),
(1143, 920, 28),
(1144, 960, 28),
(1146, 1040, 28),
(1147, 1080, 28),
(1150, 1200, 28),
(1151, 1240, 28),
(1153, 1320, 28),
(1155, 1400, 28),
(1156, 1440, 28),
(1157, 1480, 28),
(1159, 1560, 28),
(1161, 40, 29),
(1163, 120, 29),
(1164, 160, 29),
(1166, 240, 29),
(1167, 280, 29),
(1168, 320, 29),
(1169, 360, 29),
(1171, 440, 29),
(1173, 520, 29),
(1174, 560, 29),
(1175, 600, 29),
(1177, 680, 29),
(1178, 720, 29),
(1183, 920, 29),
(1187, 1080, 29),
(1188, 1120, 29),
(1193, 1320, 29),
(1194, 1360, 29),
(1196, 1440, 29),
(1197, 1480, 29),
(1198, 1520, 29),
(1199, 1560, 29),
(1212, 480, 30),
(1215, 600, 30),
(1216, 640, 30),
(1218, 720, 30),
(1221, 840, 30),
(1223, 920, 30),
(1224, 960, 30),
(1225, 1000, 30),
(1226, 1040, 30),
(1232, 1280, 30),
(1233, 1320, 30),
(1234, 1360, 30),
(1235, 1400, 30),
(1237, 1480, 30),
(1238, 1520, 30),
(1239, 1560, 30),
(1241, 40, 31),
(1244, 160, 31),
(1246, 240, 31),
(1251, 440, 31),
(1252, 480, 31),
(1254, 560, 31),
(1255, 600, 31),
(1256, 640, 31),
(1259, 760, 31),
(1260, 800, 31),
(1262, 880, 31),
(1263, 920, 31),
(1265, 1000, 31),
(1266, 1040, 31),
(1267, 1080, 31),
(1270, 1200, 31),
(1276, 1440, 31),
(1277, 1480, 31),
(1281, 40, 32),
(1282, 80, 32),
(1286, 240, 32),
(1291, 440, 32),
(1293, 520, 32),
(1297, 680, 32),
(1299, 760, 32),
(1302, 880, 32),
(1303, 920, 32),
(1305, 1000, 32),
(1306, 1040, 32),
(1307, 1080, 32),
(1311, 1240, 32),
(1313, 1320, 32),
(1314, 1360, 32),
(1315, 1400, 32),
(1317, 1480, 32),
(1324, 160, 33),
(1325, 200, 33),
(1327, 280, 33),
(1334, 560, 33),
(1338, 720, 33),
(1339, 760, 33),
(1340, 800, 33),
(1343, 920, 33),
(1345, 1000, 33),
(1346, 1040, 33),
(1350, 1200, 33),
(1351, 1240, 33),
(1353, 1320, 33),
(1354, 1360, 33),
(1355, 1400, 33),
(1356, 1440, 33),
(1357, 1480, 33),
(1358, 1520, 33),
(1363, 120, 34),
(1367, 280, 34),
(1368, 320, 34),
(1370, 400, 34),
(1371, 440, 34),
(1374, 560, 34),
(1380, 800, 34),
(1382, 880, 34),
(1385, 1000, 34),
(1386, 1040, 34),
(1387, 1080, 34),
(1389, 1160, 34),
(1394, 1360, 34),
(1396, 1440, 34),
(1397, 1480, 34),
(1398, 1520, 34),
(1399, 1560, 34),
(1401, 40, 35),
(1403, 120, 35),
(1405, 200, 35),
(1410, 400, 35),
(1414, 560, 35),
(1415, 600, 35),
(1416, 640, 35),
(1417, 680, 35),
(1419, 760, 35),
(1420, 800, 35),
(1423, 920, 35),
(1424, 960, 35),
(1426, 1040, 35),
(1427, 1080, 35),
(1429, 1160, 35),
(1430, 1200, 35),
(1431, 1240, 35),
(1432, 1280, 35),
(1433, 1320, 35),
(1434, 1360, 35),
(1436, 1440, 35),
(1437, 1480, 35),
(1438, 1520, 35),
(1442, 80, 36),
(1444, 160, 36),
(1448, 320, 36),
(1449, 360, 36),
(1451, 440, 36),
(1453, 520, 36),
(1454, 560, 36),
(1455, 600, 36),
(1456, 640, 36),
(1458, 720, 36),
(1461, 840, 36),
(1463, 920, 36),
(1464, 960, 36),
(1466, 1040, 36),
(1468, 1120, 36),
(1469, 1160, 36),
(1471, 1240, 36),
(1472, 1280, 36),
(1473, 1320, 36),
(1475, 1400, 36),
(1478, 1520, 36),
(1482, 80, 37),
(1483, 120, 37),
(1484, 160, 37),
(1485, 200, 37),
(1486, 240, 37),
(1487, 280, 37),
(1488, 320, 37),
(1489, 360, 37),
(1490, 400, 37),
(1491, 440, 37),
(1492, 480, 37),
(1493, 520, 37),
(1501, 840, 37),
(1502, 880, 37),
(1504, 960, 37),
(1505, 1000, 37),
(1512, 1280, 37),
(1515, 1400, 37),
(1516, 1440, 37),
(1518, 1520, 37),
(1522, 80, 38),
(1523, 120, 38),
(1524, 160, 38),
(1525, 200, 38),
(1526, 240, 38),
(1527, 280, 38),
(1528, 320, 38),
(1531, 440, 38),
(1532, 480, 38),
(1533, 520, 38),
(1534, 560, 38),
(1536, 640, 38),
(1538, 720, 38),
(1539, 760, 38),
(1541, 840, 38),
(1543, 920, 38),
(1545, 1000, 38),
(1546, 1040, 38),
(1548, 1120, 38),
(1550, 1200, 38),
(1551, 1240, 38),
(1552, 1280, 38),
(1553, 1320, 38),
(1554, 1360, 38),
(1555, 1400, 38),
(1557, 1480, 38),
(1559, 1560, 38),
(1561, 40, 39),
(1565, 200, 39),
(1567, 280, 39),
(1568, 320, 39),
(1569, 360, 39),
(1572, 480, 39),
(1573, 520, 39),
(1575, 600, 39),
(1576, 640, 39),
(1580, 800, 39),
(1582, 880, 39),
(1584, 960, 39),
(1587, 1080, 39),
(1589, 1160, 39),
(1590, 1200, 39),
(1591, 1240, 39),
(1594, 1360, 39),
(1595, 1400, 39),
(1599, 1560, 39);
